sample,sample_uid,PC1,PC2,PC3,PC4,PC5,PC6,PC7,PC8,PC9,PC10,PC11,PC12,PC13,PC14,PC15,PC16,PC17,PC18,PC19,PC20,PC21,PC22,PC23,PC24,PC25,PC26,PC27,PC28,PC29,PC30,PC31,PC32,PC33,PC34,PC35,PC36,PC37,PC38,PC39,PC40,PC41,PC42,PC43,PC44,PC45,PC46,PC47,PC48,PC49,PC50,PC51,PC52,PC53,PC54,PC55,PC56,PC57,PC58,PC59,PC60,PC61,PC62,PC63,PC64,PC65,PC66,PC67,PC68,PC69,PC70,PC71,PC72,PC73,PC74
CH_Pstr_10_2017,106106,-0.09556036621561818,-0.017677174964505594,0.009980059096063035,-0.012015808410890795,0.006506934383671198,0.0018949165766969699,-0.0020541107999780743,0.0025271453689007756,0.0015274270339789902,-0.0016127749496419748,-0.00023932339693886787,-0.0013748946234146467,-0.0005750098267526138,0.0002746093353280892,-0.0003726265887883686,0.00016439590429533115,-0.0008013724969761539,0.00035064170258121733,0.0016228398388354584,-0.0015934952768009898,0.0003793349103213457,0.0004787692274589613,0.00014175717327001713,-0.00010525286601179114,-0.0009450606763896785,-0.001245255175606517,-0.0005516102899778246,-0.0005299533878604072,0.001459302532026939,-0.00010322367371209944,-0.0006536903691342106,-0.00011243718664588735,-0.0003706063928242553,-2.5968582106523136e-05,0.0005409481216393227,-0.0002585704905981607,2.600576983585803e-05,-0.00016524347959019135,0.0003051696706707572,9.612623171462372e-05,-0.00020901522013786348,5.0023413403242694e-05,0.00012110529461300031,-4.5461815089275274e-05,-0.0,-0.0,-0.0,-0.0,-0.0,0.0,0.0,0.0,0.0,0.0,0.0,0.0,0.0,0.0,0.0,0.0,0.0,0.0,0.0,0.0,0.0,0.0,0.0,0.0,0.0,0.0,0.0,0.0,0.0,0.0
WP_Pstr_16_2017,106123,-0.09548764109872199,-0.01772094993542618,0.009883328283374281,-0.011762540892452605,0.006430503563432982,0.00216425549959275,-0.0019362538495931768,0.0023937190133725486,0.0011405066671482259,-0.0016327506792552008,-0.0006669217319987162,-0.0008088125087049036,-0.00023001534975352695,0.0002430401463515952,-0.0006335836433039203,0.00015982393234603934,-0.000498951297738588,0.0007049140426753786,0.0013059971660138753,4.357682226491471e-05,0.00038178838267343877,-0.0013921067282292167,0.00040860512308001296,0.00040356349377798146,-0.00010724475265334375,-7.993208712845024e-05,-0.0007352396198177163,-0.00020632540002614726,-0.0001790770134764813,-0.00027431495098310347,0.00020471823238469618,-0.0005466017734574929,-9.872557094342157e-05,0.0010276725059101246,0.0006018521827076695,-3.2898605406881266e-05,0.00047904227083620345,-0.0001710594727222499,-3.293176898993515e-05,-0.00010582455228963352,5.5566157543848026e-05,0.0003185805959985701,-0.00010318432867793407,0.0002962813059348535,-0.0,0.0,-0.0,-0.0,-0.0,0.0,0.0,0.0,0.0,0.0,0.0,0.0,0.0,0.0,0.0,0.0,0.0,0.0,0.0,0.0,0.0,0.0,0.0,0.0,0.0,0.0,0.0,0.0,0.0,0.0
WP_Ofra_17_2017,106124,-0.08988481178654188,-0.017027517382698913,0.011762962415096475,-0.009412392075572948,0.011748027867326885,0.0006252841069423709,-0.00242809012404992,0.003326779260387908,0.004607743139589338,-0.0019101305862408058,0.00019795123139072245,0.00901298347232809,0.0018185496263475975,0.0011038970996946598,0.0010134281564200326,-0.0014708413309267427,0.0006592022218752605,0.0004496856964651643,0.0008498113220414707,0.00130336668426855,0.0007876284821932801,-0.0012000476656476903,5.059636319159106e-05,-0.0006516507487103638,0.0002497337233005791,-0.0009467128098136856,-0.002639210645923136,-0.00018477814520993872,-0.0002795172960567394,0.0006578895356638588,0.0005044800040127458,-0.00019731773310515308,0.0004433355901663167,0.00013180070191614435,1.6408157738151157e-05,1.0037965137587989e-05,-8.153292690480168e-05,-5.9092945776786636e-05,-9.366638827251156e-05,-2.592443078685859e-05,6.502665581702163e-05,-1.667475535990092e-05,-0.00014702538838613167,4.5988902409110545e-06,-0.0,0.0,-0.0,-0.0,0.0,0.0,0.0,0.0,0.0,0.0,0.0,0.0,0.0,0.0,0.0,0.0,0.0,0.0,0.0,0.0,0.0,0.0,0.0,0.0,0.0,0.0,0.0,0.0,0.0,0.0
WP_Pstr_28_2017,106135,-0.09355698993726666,-0.016416880427929232,0.00849126071812442,-0.00956271700432402,0.005035662538804945,0.0025289347216122782,-0.0013120086326679973,0.0019486530618968649,0.0015973705986494424,-0.0027466787018797516,-0.0006144519944079874,-0.001555537006936052,-0.00037004409896631326,-0.00015779574720025058,-0.000932609671229844,0.000971433451962085,-0.0003375788522057584,0.0005063011753608347,-0.0020606877940022097,0.002365847253674712,0.00024148637554785492,0.0021259158561663417,-0.0005803200286313565,-0.003941792269628794,-0.0012692120170685992,-0.0005250081885560297,0.0005908263356162627,0.0007785479982961026,-0.001338808888117566,0.0005116282644578458,0.00029402988067132364,-0.0006373625841993947,-0.000281125317938247,0.00031596013067045883,-0.00012133909503743734,-9.239872929050039e-05,-0.00016527856216012041,-0.00022464505518477294,-0.00021779487333661542,-0.0001303130886939629,0.0001403781623402368,6.998495604579577e-05,-0.0001704348641063999,-2.6108555080121456e-05,-0.0,0.0,-0.0,-0.0,0.0,0.0,0.0,0.0,0.0,0.0,0.0,0.0,0.0,0.0,0.0,0.0,0.0,0.0,0.0,0.0,0.0,0.0,0.0,0.0,0.0,0.0,0.0,0.0,0.0,0.0
ET_Pstr_54_2017,106161,-0.09982781760223525,-0.0189960515235334,0.010473719252589494,-0.0019394938422093028,0.01493609109192214,0.001468761897578036,-0.0025955429166875095,-0.0009243073875596417,-0.004538157879719636,-0.0065642203752093835,-0.001221358542686134,-0.002908499951585382,0.00042704003299400754,-0.0012951520384763522,-0.0007748912592677498,0.0012796454368752721,0.0011197197584663307,-0.0006464307734557753,-0.0038012737008639406,0.0028619885163055827,-0.0005480164792782282,0.0008479465174526141,-0.00032105459781265434,-0.00018029088372409626,0.0011202704189812672,7.603458690596596e-05,-0.00030919828960524495,0.00021259225710139142,-0.0010909869718393303,-0.00038084267149300155,-0.00023505419694414573,-0.0007708632441564953,-0.0009904028437592064,-0.0003449401647620231,0.00044982570064844144,4.767605558239224e-05,-2.2635160409010234e-06,0.0001495984123648299,4.6777094379010094e-07,-4.445080488383813e-06,2.709866654980556e-06,7.716670824710929e-05,6.774776723827412e-05,2.1388145752001745e-05,-0.0,-0.0,-0.0,-0.0,-0.0,0.0,0.0,0.0,0.0,0.0,0.0,0.0,0.0,0.0,0.0,0.0,0.0,0.0,0.0,0.0,0.0,0.0,0.0,0.0,0.0,0.0,0.0,0.0,0.0,0.0
ET_Pstr_54_2018,106196,-0.10016508795464826,-0.019399215220270757,0.010691604748004267,-0.0014721881757022764,0.015466734780449277,0.0018402999024216857,-0.002757058294940884,-0.00031088749278192186,-0.0044978456908393895,-0.0054466586364152825,-0.0008154193422659703,-0.003167186873419007,0.0006763840152305125,-0.0012830716445082204,-0.00022177721068971864,0.00028701800140349553,0.001799163124362908,-0.0015771302125454933,-0.0026471328024904946,0.00022059191570117544,-0.001984362473175614,0.0012354756825973146,1.7727844836333617e-05,0.002154433800242574,-0.000708472358600609,-0.0003599618651988389,-0.0004754869540439877,-0.00027644926923984446,0.0005729922328418447,0.00048560295775015947,0.0003464355223572172,0.0007951042305227069,0.0008482711979804908,0.00011513081322701397,-0.0004558741273001001,-8.961390696658943e-05,-6.727590619853384e-05,-0.00019604459006922586,3.8990915534501216e-05,-9.536230623499739e-06,4.727614544043661e-05,-8.98311412757575e-05,-9.91874178038621e-05,-1.6412219879453713e-05,0.0,0.0,-0.0,0.0,0.0,0.0,0.0,0.0,0.0,0.0,0.0,0.0,0.0,0.0,0.0,0.0,0.0,0.0,0.0,0.0,0.0,0.0,0.0,0.0,0.0,0.0,0.0,0.0,0.0,0.0
CH_Pstr_10_2018,106216,-0.0945158925586405,-0.01712633194158007,0.009285465462149404,-0.010662230885083602,0.005924102765938444,0.0023754674722417154,-0.0017849741768689138,0.0023319862741657442,0.00158146708493183,-0.002070690428193526,-0.00035465209038573194,-0.001319138071572992,-0.000421477464288163,7.657842869038314e-05,-0.0005654600804329575,0.00040660499116332776,-0.000585651040733653,0.00045223877374631977,0.0004841200127987058,-0.00014242370912793622,0.0003089273889526861,5.9487207243945436e-05,0.00011405112140192086,-0.00021173056394387509,-0.0007237133736638919,-0.0010082554009801078,-0.0010054402167549805,-0.00027737918593008097,0.00055566509437984,0.00043834485413912896,-0.0003211646477090616,-0.001335071948553089,-0.0007066691280828132,-0.0007888607496562125,0.0006460481572021589,0.00016455235480512302,-0.00019794251378952706,0.0006299685493198607,5.187249551533243e-05,0.00012605138592681114,-4.1464734393581146e-05,-0.00040076233283278,0.00025299328022004896,-0.00014198085833402416,0.0,-0.0,-0.0,0.0,0.0,0.0,0.0,0.0,0.0,0.0,0.0,0.0,0.0,0.0,0.0,0.0,0.0,0.0,0.0,0.0,0.0,0.0,0.0,0.0,0.0,0.0,0.0,0.0,0.0,0.0
CH_Pstr_82_2019,106242,-0.09368007853914147,-0.01663407928304539,0.008808931012845179,-0.010132713649867304,0.005215313620383246,0.0024253814052367976,-0.0014670145157258448,0.0024234656734023487,0.001947556946347521,-0.0019187577481599928,-0.00030935163987531286,-0.0010264526139910357,-0.0003504892990147898,2.9818788063649817e-05,-0.00037134082568844346,0.00010056760887981548,-0.0001651913033959699,-6.989556232306513e-05,0.0005580088718743372,-0.0006348069811277389,-0.00028713015230632513,-0.000430753325311342,-0.0002303766786979296,0.0003899350134210323,0.0024379136545062082,0.0003428323296804286,9.052364292553101e-06,-0.00026670755495172914,-0.0010016805305892162,-0.0012339072426475334,0.0002212394679508152,0.0009068784225909135,0.00015785263712263543,-0.0005005119020704518,-0.0007877264573054302,0.0004985087368415655,-1.4972670865257523e-05,0.0006831958891058288,-0.00015326512945174653,3.558815647381179e-05,-0.00010994666451788257,-0.0002515487745062709,-4.8910072788788795e-05,2.839257391338878e-05,0.0,0.0,-0.0,0.0,-0.0,0.0,0.0,0.0,0.0,0.0,0.0,0.0,0.0,0.0,0.0,0.0,0.0,0.0,0.0,0.0,0.0,0.0,0.0,0.0,0.0,0.0,0.0,0.0,0.0,0.0
CH_Pstr_10_2019,106244,-0.09517988671113714,-0.017509847658109964,0.009746865807535358,-0.011514556949905233,0.006287410142825668,0.002104693740337174,-0.0019470007629634454,0.0025765791973860145,0.0013949844381636691,-0.0012133280461066017,-0.00022287321017252482,-0.0013747861006971989,-0.00041537549173090914,0.00016796339312262755,-0.00033402515029579583,7.007418030419088e-05,-0.0004865199333782031,0.00014420840198404273,0.001014375902972485,-0.0012517686770216225,-9.333190461117174e-05,0.0008830690500577719,4.777687541002393e-05,-0.00017476704291611921,-0.0012683287640046057,-0.000833190561474647,0.0003961124149480731,-0.00038167174871213996,0.0019402198696436958,0.00063598945221839,-0.0003134621530905856,7.3379416503099e-05,0.0012404057569077767,-0.0008223500771476478,-0.0008147461722607741,0.00019148356175114218,3.4580388570822204e-05,-0.00017460926717136266,0.00012303652135499756,2.4754871306377217e-05,-7.178878649228059e-05,0.00012894652675477853,-0.00014872372677291777,0.00018503472139439858,-0.0,0.0,-0.0,-0.0,-0.0,0.0,0.0,0.0,0.0,0.0,0.0,0.0,0.0,0.0,0.0,0.0,0.0,0.0,0.0,0.0,0.0,0.0,0.0,0.0,0.0,0.0,0.0,0.0,0.0,0.0
WP_Ofra_17_2019,106258,-0.09452401572768415,-0.01715818389780695,0.009275202774741647,-0.010447673105240547,0.006015498065774697,0.0025159745065397483,-0.001818808093519144,0.0023427963846983854,0.0015852721274523815,-0.0015320937706843187,-0.00022376054782422255,-0.0007473848316333272,-0.00026766868666264784,0.00016612983637011,-0.00033662225507415593,2.7984327593301087e-05,-0.0005218687334653197,0.00051614510835099,0.001397309654468487,-0.0005912549480930603,0.0003471663410028729,-0.0015481972392203296,0.0004340829344142346,0.0009705622914231865,-5.465256441934541e-05,0.000754318059600882,-2.3627080786339528e-05,0.0001777003977457536,-0.00041933575614208304,0.0002333529674221533,0.0006061720026735816,1.0161000807266432e-05,0.0008351954605555964,0.0004082945507341171,-0.0006806816469101626,0.00041798921738230444,0.0003368791957190794,0.00030534768674292823,-0.0006426120485752524,-0.00025157088595011644,0.0004380978539657038,0.0001491188632406981,6.0340407185409774e-05,-0.0002197628168239019,-0.0,-0.0,-0.0,0.0,0.0,0.0,0.0,0.0,0.0,0.0,0.0,0.0,0.0,0.0,0.0,0.0,0.0,0.0,0.0,0.0,0.0,0.0,0.0,0.0,0.0,0.0,0.0,0.0,0.0,0.0
WP_Pstr_28_2019,106266,-0.09347868542111001,-0.01634655674321208,0.008446538086330975,-0.009587421125324276,0.005191575243349417,0.0022288703557757587,-0.0014798271070840243,0.0017083095079663704,0.0014144135666634844,-0.0035333582436736484,-0.0006376618425009315,-0.0006874473031233479,-0.0004667396310805458,4.229013810050068e-05,-0.001004381742623964,0.0013000182872860194,-0.0008653032521843409,0.0003874210286925216,-0.0021291963345020717,0.000986629201059408,0.0009558538362217947,0.0012051658389206515,-0.0006370872154941417,-0.002711076245393604,0.0013824754514616161,0.002173175266213657,0.0004853486208278539,0.0005757945481537532,-0.00012811448973428508,0.0005156306733294974,8.435785881442053e-05,0.0007517747064877662,0.0009553816582544602,-0.0002503197132525645,-0.00019982204798024293,-0.00012845874103584225,-2.0157628876317975e-05,-0.00019371241589588584,0.0003311155318552202,0.00015984550977949055,-0.00027529198818359126,-3.3823298832608986e-05,0.0001342398663146722,-1.1486857929336278e-05,0.0,-0.0,-0.0,0.0,-0.0,0.0,0.0,0.0,0.0,0.0,0.0,0.0,0.0,0.0,0.0,0.0,0.0,0.0,0.0,0.0,0.0,0.0,0.0,0.0,0.0,0.0,0.0,0.0,0.0,0.0
WP_Ofav_18_2017,106125,-0.09389197414445707,-0.01658785745358047,0.008740073399464424,-0.009165116670120745,0.005854650543147863,0.0026935068558484516,-0.0018301454355035384,0.0021148538358233423,0.0015102196339600502,-0.0011723355727950378,0.0002656910398568498,-0.000724855427433726,-0.0004840657425624737,0.00020358640372117326,6.774990976555407e-05,-0.00012221973891392683,-0.0009221066408566098,0.000567980495343585,0.0030382534816110647,-0.0022132771744231847,0.0004243568967210071,-0.003002456620786717,0.0009238787134989226,0.002362226622986332,-0.0006013946283347262,0.001882671033338417,0.0005854480735352554,0.0010189044341176263,-0.0013512382020678464,0.0002520377816056973,-0.0001897247969098811,-0.00039802853684293906,-0.0006192356511943466,-0.00048260470121438265,0.00033509237650493633,-0.00021687256566130513,-0.00047335864757648853,-0.0004541455915171475,-1.768703299085437e-05,1.2628406792659042e-05,-2.982215484505315e-05,4.5751716253370426e-05,-0.0001804603311951891,3.602726690675257e-05,-0.0,0.0,-0.0,-0.0,0.0,0.0,0.0,0.0,0.0,0.0,0.0,0.0,0.0,0.0,0.0,0.0,0.0,0.0,0.0,0.0,0.0,0.0,0.0,0.0,0.0,0.0,0.0,0.0,0.0,0.0
WP_Mcav_19_2017,106126,-0.08994491053197022,-0.01687928819825549,0.011199859851088787,-0.008723062373463208,0.010778287361642625,0.0012736710346911064,-0.0020704290772075367,0.0038467248815173623,0.002099881846836479,0.0015439989584352023,-0.00030443205354499015,0.009105060091114512,0.0026584732673746413,0.0008047652146976756,0.0010225560406900945,-0.0020636925294907353,0.001977116446009206,-0.00015906662613625463,-0.0008815579060687669,0.00300509505863438,-0.0010462875065257128,-0.0011894653331041543,9.018347534354916e-05,0.0006240047955125362,3.31667590222955e-05,0.0010440437481415061,0.0027564394510932863,4.846966763849547e-05,0.00043120566315217764,-0.000630586947990416,-0.0003242670999553096,0.0002272407218278537,-0.0002718655264270389,2.1946109690709654e-05,2.177350817299458e-05,-3.9676507169293236e-06,0.00011556918897308106,0.00010125039766706647,0.00015360663065528058,6.118963237870416e-05,-7.952199278575034e-05,-2.6352744965899713e-05,0.00015336600368569172,1.1177956724656853e-06,0.0,-0.0,-0.0,0.0,-0.0,0.0,0.0,0.0,0.0,0.0,0.0,0.0,0.0,0.0,0.0,0.0,0.0,0.0,0.0,0.0,0.0,0.0,0.0,0.0,0.0,0.0,0.0,0.0,0.0,0.0
CH_Ssid_51_2017,106157,-0.09414320464737203,-0.016909802684733816,0.00914351024162324,-0.01069703915941269,0.005500185806262527,0.002238770173043341,-0.0015936360850813988,0.0025764192239791043,0.0019248255519363918,-0.00123170620124274,-6.702557715703801e-05,-0.0013159659778502265,-0.00040080461204702525,7.454510536688633e-05,-0.00016642289962339547,-9.893752201686606e-05,-0.00023960658827672785,-0.0002517021650959345,0.0008385159336513378,-0.0016224007751382329,-0.0002786261318283019,0.0007724188082040089,-0.00015779730872926906,0.0006099880043874327,0.0006912955891948502,-0.00065223173682062,0.0004489176130357376,-0.0006158438573374785,0.0004035654904320879,-0.0015801489903298214,-0.00033996477922653703,0.0016103729599598639,-0.001051980399867799,0.0010014436559228975,0.00045754321301626856,-0.00047244866430433245,-7.11362747991767e-05,-0.00018235600442728542,0.00012919056992743397,1.8924417043744106e-05,5.475573841816046e-05,-4.94694847817644e-05,7.036604480329951e-05,-9.557625541142921e-05,-0.0,0.0,-0.0,-0.0,0.0,0.0,0.0,0.0,0.0,0.0,0.0,0.0,0.0,0.0,0.0,0.0,0.0,0.0,0.0,0.0,0.0,0.0,0.0,0.0,0.0,0.0,0.0,0.0,0.0,0.0
ET_Ofra_40_2017,106147,-0.08316557234341583,-0.010200043012611789,0.0013574666062458355,0.0030116341916220923,-0.0021072903663746536,0.0064622079863810985,0.0014628462313985068,0.0020940203078968892,0.0019755761090928478,0.0003960637593295523,0.0004683282177118169,-0.0015316675171774896,0.00018329198911849623,-0.0012048591105473388,-8.986361357769031e-05,0.0003051077988234429,0.000296855499413221,-0.0005378926327577252,-0.0025712874123601246,0.00074635299826396,1.8260390097558491e-06,-0.0006943958199015487,-0.0004729398038329375,0.0013047660586002902,0.001775351659558366,-0.0003402480532668981,0.0018336129552092542,-0.0005982223331768063,0.0014628927046294359,0.0007675321989883595,0.0007018548791020997,-0.001398376406303221,-2.0729206789230255e-05,0.0007160454971658838,0.00013558891233838625,5.162529292628934e-05,0.0003640880271984183,-8.15714287362425e-05,-8.985380302081488e-05,-4.421653361794868e-05,6.895903498039282e-06,6.026550147222791e-05,-5.38147543172677e-05,-5.868774079321983e-05,-0.0,-0.0,-0.0,-0.0,0.0,0.0,0.0,0.0,0.0,0.0,0.0,0.0,0.0,0.0,0.0,0.0,0.0,0.0,0.0,0.0,0.0,0.0,0.0,0.0,0.0,0.0,0.0,0.0,0.0,0.0
WP_Cnat_31_2017,106137,-0.08717176478244523,-0.009681968432856108,0.0011529054187902111,-0.0013746123670252135,-0.0051422029088864655,0.004753115883214821,0.00251860009092534,0.00297245807001081,-0.0068434095579159165,0.011712814676744652,-0.002042095693045649,-0.00033837409950801376,0.0009208377716726816,-0.00039884527398435435,-4.780864766853674e-05,-0.0008414858102631923,0.0010293993390940272,-0.0005442638232324714,-0.00010828204593660469,0.0009355750429193047,2.4864455986223495e-05,0.0011847031770315247,-0.00037119798959236864,-0.0008799247665278011,-0.0005941710926295688,0.0006964948167203244,-2.5291240078246067e-05,0.00029967112153794263,0.0005003355221551727,0.0009583156154260819,-0.0004040991212660536,0.00013011066716383382,-0.001426437704752586,0.00026305994328331463,-0.0011931746811661074,-6.266640166624776e-05,-0.00030190814416190505,-3.427075245847517e-05,7.332341969844076e-05,5.072374709956692e-05,-1.8529294952142756e-05,-3.649640480411792e-05,2.4464985118420698e-05,-0.00015569957182629647,0.0,-0.0,-0.0,-0.0,0.0,0.0,0.0,0.0,0.0,0.0,0.0,0.0,0.0,0.0,0.0,0.0,0.0,0.0,0.0,0.0,0.0,0.0,0.0,0.0,0.0,0.0,0.0,0.0,0.0,0.0
ET_Pstr_42_2017,106149,-0.08403669060044923,-0.007994685366738669,-0.0006547465934016019,0.0029414160897219275,-0.005941962348909656,0.00561316999813264,0.0029170232513174976,0.0018942354419110652,-0.0037066893575456654,0.008608152909728287,-0.00061696278458117,-0.0006198448030039078,0.00036036212499615565,-0.0007188616457299189,0.0005658743326958634,-0.0006833282868439406,0.0005479996148736642,-0.0008647022685469073,0.000529536504665567,-0.0010092665855565028,9.293937190760438e-05,-0.0006630654663718298,-0.00039305192271839345,0.00044336020574329616,0.0011209154247059736,-0.0010445849585536044,-1.972203040718803e-05,8.54934317793138e-05,-0.0008583025119360715,9.114849894371175e-05,2.9510536784907024e-05,-0.0003892105322439945,0.0006019307026736951,-3.775576470632077e-05,0.00015690437349953284,-9.783399403706789e-05,0.00011916780955721288,-0.00011021710812225582,0.00010998689308973301,2.7306856961188798e-05,-0.00011324071957561888,6.871825398071314e-05,-0.00010050063616697537,-0.00015242781417959704,0.0,0.0,-0.0,-0.0,0.0,0.0,0.0,0.0,0.0,0.0,0.0,0.0,0.0,0.0,0.0,0.0,0.0,0.0,0.0,0.0,0.0,0.0,0.0,0.0,0.0,0.0,0.0,0.0,0.0,0.0
WP_Pstr_68_2017,106173,-0.08582939603082207,-0.008879754479493207,-0.0005899075034113369,0.0006853745840030012,-0.006840758712582288,0.004427258283860003,0.002600559911201704,0.0025260787534002464,-0.006246417164831528,0.010612817857070075,-0.0006404483895937492,-0.0004625920905159934,0.001641862151643527,0.00015675055888923246,-0.00040904893109167096,-0.0005283140398787717,0.0006702806526476914,0.0003775290923502299,-0.0008112525929905838,0.00104580594134889,-0.0009552230383937538,0.0011296473467943932,0.0005889613509895272,-0.0005970988044129178,-0.0025617791361726458,-0.00043432846650710513,0.0007070221176744427,0.00011226440936821063,-0.0006933428050831369,-0.0014084880128541932,-0.00011443381661615119,0.0005995432537911026,0.0011410410960672854,-0.0006026101268003185,0.0012812796550735583,0.00013586293787446748,7.34729465927735e-05,0.0002821555048426876,-0.00030058995503365094,2.8510849577740467e-05,3.6728115888271206e-05,2.3872511212719594e-05,-9.149055533906632e-05,-6.876659723546265e-05,0.0,-0.0,-0.0,-0.0,0.0,0.0,0.0,0.0,0.0,0.0,0.0,0.0,0.0,0.0,0.0,0.0,0.0,0.0,0.0,0.0,0.0,0.0,0.0,0.0,0.0,0.0,0.0,0.0,0.0,0.0
ET_Pstr_42_2018,106188,-0.08441503970414982,-0.008355229042473386,-0.00022002037557404772,0.0022757935822148843,-0.005513433973105235,0.005511242686459075,0.002644474907196032,0.0022029136160045142,-0.0036513021219919915,0.008747794690718461,-0.0004792045272939755,-0.0007188472722388562,0.00030765290061189187,-0.0006579710200488305,0.0006805046620235974,-0.000801642942042839,0.0005456241165674247,-0.001041206090072534,0.0007060704074259316,-0.0016045873221085787,-5.5455093862525205e-06,9.326806636918107e-06,-0.0005191057877264473,0.0003146913546755802,0.0011082482820769968,-0.0010953867210609428,5.813610070300382e-05,0.0003351261672451768,-0.0014589432857483851,0.00016530808906939777,-4.659799700514052e-05,-0.0003528774063465964,0.00024555975386232685,-0.0003109239512284187,-0.0004007615754327309,-0.0002379274986856994,-0.00039058224239671977,-0.0003944455823854651,0.000446006817692759,-9.800856911804162e-05,0.0003289545736019701,-3.184773561014043e-06,0.0004067405897822939,0.0004599845951545583,-0.0,-0.0,-0.0,0.0,-0.0,0.0,0.0,0.0,0.0,0.0,0.0,0.0,0.0,0.0,0.0,0.0,0.0,0.0,0.0,0.0,0.0,0.0,0.0,0.0,0.0,0.0,0.0,0.0,0.0,0.0
ET_Pstr_42_2019,106232,-0.08466258868795838,-0.008030584166413312,-0.0006055838407698206,0.0023658889873613303,-0.006179466012361038,0.005355624912600801,0.00308306545196977,0.001851830939397256,-0.004684073268353642,0.009688720332515614,-0.001011410878561841,-0.00045561339544746324,0.0004896906858438532,-0.0006521869392149395,0.00048135493821929926,-0.0007572370690885029,0.0006621928722211773,-0.000775500160624287,0.0006728081824305352,-0.0006210294392876609,0.00017044412829243165,-0.0007625481120463232,-0.00032007510692396953,0.00046707251270984915,0.0009547237638423247,-0.0009807096339663004,-0.00041094454003548465,2.2229563434319186e-05,-0.0008005359880513884,4.63778368774137e-05,-5.329553974895644e-05,-0.00018775212815462874,0.0006617320279521074,-9.796096051228398e-05,0.00018360916280343295,-4.9351410772327986e-05,0.00023222972043767547,-2.8163481481341492e-05,0.00023816746900534092,0.00021258110765841738,-0.0004150557668274955,-4.96438422812668e-05,-4.413325266065877e-05,-0.0003105713284805607,-0.0,0.0,-0.0,-0.0,-0.0,0.0,0.0,0.0,0.0,0.0,0.0,0.0,0.0,0.0,0.0,0.0,0.0,0.0,0.0,0.0,0.0,0.0,0.0,0.0,0.0,0.0,0.0,0.0,0.0,0.0
WP_Pstr_68_2019,106270,-0.08433117542637122,-0.008399944466568712,-0.0011794074083111932,0.0022369395271463807,-0.007086842212980497,0.00501450605161594,0.0026544815393348222,0.0023531089082266033,-0.0049360970713746635,0.00870183401690661,-0.00032613087396324563,-0.0005184230140729514,0.0015089871424830378,-5.589167287496318e-06,-0.000516115792338792,-0.00018659273510692603,0.00043884774888994633,0.0005467857994604426,-0.0014390345511960856,0.001514190884372113,-0.0006420159363333523,0.0003052858955327487,0.0005735617827344137,-7.562214196958502e-05,-0.0017206365211427771,6.091428707155567e-05,0.0006147740647284628,-0.0002089794853832678,0.0006517541083690517,-0.0002949199982861048,0.00021848775682584975,-6.806506994351548e-05,-0.000164934852545934,0.0005442814184640985,-6.290502743617877e-05,7.596304196863537e-05,9.360325464792208e-05,-1.4082471476202712e-05,-0.00014235707419658135,-0.00015132624295146593,0.00017430849067935007,-1.905132859839703e-05,-3.4795811155448543e-06,0.0002381211450639915,-0.0,0.0,-0.0,0.0,-0.0,0.0,0.0,0.0,0.0,0.0,0.0,0.0,0.0,0.0,0.0,0.0,0.0,0.0,0.0,0.0,0.0,0.0,0.0,0.0,0.0,0.0,0.0,0.0,0.0,0.0
WP_Pstr_66_2019,106271,-0.07794947671043284,-0.006147603675984836,-0.0034385721370795343,0.008538974490370402,-0.007216449816072279,0.006715933417451612,0.0022937420523776193,0.0004951376893570277,0.00440120903249532,-0.005508639010716649,0.0022889613690937473,-0.001541140096931334,-0.0004355816581683985,-0.00041649471701941997,-0.0014934014141321991,0.002537504497119032,-0.0033670510771709235,0.0026594680487017175,-0.003680577512749102,0.0033470400900696656,0.004791911885617428,-0.0005257231734553859,0.0007614215276059205,0.0024269131955519867,-0.0016877273133269913,0.0004363784515137053,-0.0009328799049826413,0.00015997833633248548,-0.00012501186882177626,0.00014214638682943104,-0.0002937662224324364,0.0008753318335916817,-0.0001300975252808664,-0.000130112657606516,-0.00014687904157608122,-7.896910339787149e-05,-0.0001182257326123261,5.292454089573264e-05,0.00012322307812062994,7.460082643334928e-05,-8.930617215392386e-05,-5.6016378108449526e-05,8.370646005822215e-05,-1.6644208684061746e-05,0.0,0.0,-0.0,0.0,-0.0,0.0,0.0,0.0,0.0,0.0,0.0,0.0,0.0,0.0,0.0,0.0,0.0,0.0,0.0,0.0,0.0,0.0,0.0,0.0,0.0,0.0,0.0,0.0,0.0,0.0
CH_Dlab_79_2017,106109,-0.08569057930630294,0.0005362014642296772,-0.011034507604317583,0.0012836191154923095,-0.004106536943437639,0.00045769213904151045,-0.0006892690037796083,-0.008167068542314613,0.008096119451141364,-0.0031160092368876027,-0.0002981262474082851,-0.0025809547812396753,0.0006608259769446064,-0.002425217185055318,-0.001425614144178823,-0.00040532884479114816,0.0019834738329747963,-0.0011422876024281435,-0.0004907588987424335,0.0014498980518380545,-0.004465898831670144,-0.005295707734796537,0.0005265892922447821,-0.0025330307258338066,0.00022245616387122255,0.000203440911092426,-0.0005531752530706529,7.899350541942042e-05,0.0006800060000780004,-9.48932722599407e-05,-0.0010679039697097429,0.0003494855096059838,0.00019880038766141863,-0.0001378218190216862,0.00012265992129754843,-0.00019685420402696698,-0.00021409649141844624,-6.754440053472847e-05,6.400241058465722e-05,-1.831228217605046e-05,-4.908841412038213e-05,4.12437767016798e-05,2.3883945765172275e-05,1.1206913451691353e-05,0.0,-0.0,-0.0,0.0,0.0,0.0,0.0,0.0,0.0,0.0,0.0,0.0,0.0,0.0,0.0,0.0,0.0,0.0,0.0,0.0,0.0,0.0,0.0,0.0,0.0,0.0,0.0,0.0,0.0,0.0
WP_Dlab_20_2017,106127,-0.09303242709060913,-0.006676770621315175,-0.0031995966142002816,-0.002908384301089699,-0.011675738078212282,-0.004884310728639406,0.01201293101789305,-0.02253550645213263,0.010872838835511711,0.001487606756113741,0.0011988686896927702,-0.000385775493352502,0.0006592883604305974,-0.00011784456560085354,0.000632727492277616,-0.0005780400220975398,0.00037136016441855,-0.00020206209752145625,-0.00022545007507588253,-0.00039148172406823186,0.0005215455352908644,0.0011663722376598971,-0.0001940001683525298,-0.0005829083423576751,-8.956825058485272e-05,-0.0003762724313518171,-0.0009756921367290943,-3.051484296524792e-06,-0.0006831472167059672,-8.996599985456818e-05,0.0005487818323668024,0.0007361745542027212,0.00018537342774428144,0.0011211373142289206,8.143419976974281e-05,-0.0003006162747750587,0.00014339942679235016,-0.00026974908346252276,0.00017917087809297055,3.95307051103891e-05,-8.78275297396124e-05,-8.423851779045757e-05,2.3130619610750874e-05,-2.5674350335582286e-05,0.0,-0.0,-0.0,0.0,-0.0,0.0,0.0,0.0,0.0,0.0,0.0,0.0,0.0,0.0,0.0,0.0,0.0,0.0,0.0,0.0,0.0,0.0,0.0,0.0,0.0,0.0,0.0,0.0,0.0,0.0
WP_Dlab_63_2017,106165,-0.093039007076058,-0.006703672426144337,-0.0031706380689989974,-0.002783192120122258,-0.011535080527757336,-0.00488483439654088,0.01196320275327489,-0.02252466066240062,0.010898140611253639,0.0014705464021635547,0.00131452456356782,-0.000535931918312889,0.0006795184477588375,-0.0002055474013052807,0.000734344210208944,-0.0006625605695989802,0.000594671561422044,-0.0004722786841585414,-0.00037932145717689135,-0.0005966791795938051,-0.00013744396288930825,0.0007593438359365418,-2.961312343632445e-05,0.0010663015511842109,-0.00017730118936473276,0.00027672024583049815,0.0009589898833916784,8.528506772158319e-05,6.613944117122913e-05,0.00012853015286145395,3.521795475992139e-05,-0.0005039283516847423,-0.00038759893613583217,-0.0006635799693029564,-5.138116225947731e-05,0.00011978060899112975,-0.00015740544998811215,-0.0001980598651131302,1.450449059194251e-05,9.631600685432462e-05,-4.99141762666649e-05,-0.00023986370571287992,-0.0007378546373174071,4.0517198774827346e-05,-0.0,-0.0,-0.0,0.0,0.0,0.0,0.0,0.0,0.0,0.0,0.0,0.0,0.0,0.0,0.0,0.0,0.0,0.0,0.0,0.0,0.0,0.0,0.0,0.0,0.0,0.0,0.0,0.0,0.0,0.0
WP_Dlab_20_2019,106259,-0.09283067187249693,-0.006748187348538944,-0.003140649982944178,-0.002620198223996255,-0.011410359659846788,-0.004693949304504546,0.011822614576739445,-0.022232887131144317,0.01091004657759566,0.0012584704658317374,0.0013101378436029525,-0.0005740958165266958,0.0006712488626651557,-0.00022116592331223675,0.0006532380245486309,-0.0005987502660196584,0.0005131864056616587,-0.00037986652357111227,-0.00038638315329027903,-0.000504822898400168,-5.1277018192460387e-05,0.0006118277672532688,-2.589060481092134e-05,0.0005825510728963834,-8.330671045018455e-05,-1.8595639711852495e-05,0.0002430896598569864,-8.869014223449284e-05,0.0002695920870970745,5.93591780857437e-05,-6.758076093763674e-05,-0.000324399434294222,4.253307480380583e-05,-0.0004215474632725678,-0.00010395343024988503,0.0002600943146103794,5.0702366434332974e-05,0.0004881583136217665,-0.0002440791482996353,-0.00013013880669723984,0.00015490983761459867,0.00029506021763175413,0.0007294748449358194,-2.223712123248685e-05,-0.0,0.0,-0.0,-0.0,0.0,0.0,0.0,0.0,0.0,0.0,0.0,0.0,0.0,0.0,0.0,0.0,0.0,0.0,0.0,0.0,0.0,0.0,0.0,0.0,0.0,0.0,0.0,0.0,0.0,0.0
ET_Ofra_40_2018,106204,-0.049597590337773924,0.0037090178103963783,0.015117995590013904,0.0007590931658883489,0.025003890920185023,-0.009764549514733116,-0.00965791835841397,0.0068144842533530686,0.011621852949440209,0.0063995520659830656,0.009020118581949628,-0.002695756317634042,-0.002133580008481359,0.0004003960505768589,0.002958445154511457,-0.0010549411079452745,-0.0007959966192773205,-0.001188765237930554,0.0013982518104123786,-0.004683048725998506,5.046278554768559e-06,0.0018259630476985906,-0.0001799933532147031,-0.0002483407947621586,-0.0003598982351358473,4.568888296230364e-05,0.000263218116203803,0.00017031381859232165,-0.00011874375249493939,2.5365462003289936e-05,-1.5502887333948626e-05,9.734366616110158e-05,-0.00012296072678300306,-4.285618223512592e-05,-7.142337007128572e-06,-3.3638854209634417e-06,-3.334830421961453e-05,3.0876449189827783e-05,-4.089761930647102e-05,-1.0736335303118738e-05,1.2520167332141077e-05,5.621172289459954e-07,8.073451680738708e-06,-1.1263556214059608e-05,-0.0,0.0,-0.0,-0.0,0.0,0.0,0.0,0.0,0.0,0.0,0.0,0.0,0.0,0.0,0.0,0.0,0.0,0.0,0.0,0.0,0.0,0.0,0.0,0.0,0.0,0.0,0.0,0.0,0.0,0.0
ET_Dlab_37_2017,106141,-0.0930016182541331,0.003751055523030538,-0.0017210991173100402,0.005323244365290872,-0.009024845949973073,-0.023836688450750022,0.014459696275805909,0.012426709570776327,-0.0009835653663830633,-0.000902424074975573,-0.004144052999277299,-0.0020528713446925917,-0.0001459926249383758,-0.00019464947769590199,-0.0019156642267180411,0.0014767999280704954,-0.0014483926551169424,0.0007190796670993498,-0.0004456514053108675,-0.001422557766600917,0.0004032960028931847,0.0007666888203654179,-0.00019492503417090602,0.00016989012235448084,0.0009022195072674799,0.0016025739543702065,0.00016523791092695845,7.938088475352049e-05,0.000426009874316175,0.0006100885782015053,0.0005639246000895363,-0.00022765161046265576,0.0002913923540458325,-2.926881371072559e-05,0.0009520105973408168,-0.00012971104510605254,4.034248695399867e-05,-0.00011312249183948679,-7.217990449267783e-05,1.991077406571123e-05,2.0998879587559602e-05,3.317162362395194e-06,7.382668197121989e-05,-2.9834924333044048e-05,-0.0,0.0,-0.0,0.0,0.0,0.0,0.0,0.0,0.0,0.0,0.0,0.0,0.0,0.0,0.0,0.0,0.0,0.0,0.0,0.0,0.0,0.0,0.0,0.0,0.0,0.0,0.0,0.0,0.0,0.0
CH_Mcav_06_2018,106201,0.043967169779291985,0.054824865982312315,0.02714917724966359,-0.004274542737878488,0.0143839018774219,0.024378680642247075,0.013845773145551769,-0.0007891253382495516,0.002388340460912748,-0.0003508321918428923,-0.008634779011326027,0.0006984079755100142,-0.00382857563694296,-0.002266981207646735,0.0013630460147824315,-0.0005439847432403992,0.0006001892887664995,-0.001548504275482432,0.00034976961673351267,4.882983239921883e-05,0.0007694854705681539,-0.00015346497278883768,-0.00043918587897257374,-2.0628090404799938e-05,5.045536063760388e-05,-7.377277449046999e-05,7.328644852344031e-05,6.687638169078853e-05,-6.190630975179961e-06,0.00014459337687861362,-7.364662203841731e-05,6.010841364550873e-05,-3.137481425895527e-06,5.752829122625303e-06,1.4748571737820507e-05,-1.657176464921221e-05,8.070458632722604e-06,4.561681605098447e-06,1.1645352447018136e-06,6.235414789374798e-06,-1.3322935385573722e-06,-2.5111676402453017e-06,3.1816736971484736e-06,-6.074250040500654e-06,0.0,0.0,-0.0,0.0,0.0,0.0,0.0,0.0,0.0,0.0,0.0,0.0,0.0,0.0,0.0,0.0,0.0,0.0,0.0,0.0,0.0,0.0,0.0,0.0,0.0,0.0,0.0,0.0,0.0,0.0
CH_Oann_80_2018,106212,-0.054870626731623955,0.009987411069559684,0.0111389546826738,0.03237262662469406,0.04697838470948173,-0.010664148018369332,-0.003787502481576924,-0.02521346554006538,-0.010679128748785583,0.010265270589192315,0.001059305983711764,0.0010661552467050596,-0.0004880530653618,-0.0007354669014953796,-0.0004309400570064908,0.001978454660414425,-0.0023586641213436026,0.0024230462943295727,0.0013922164410880714,0.0018136876670433073,0.002007424642047016,-0.001248180350049156,0.0002478557851757254,-0.0004912174956398953,0.00010761526171977307,0.00015096374137158405,0.00018229639749521305,2.3939964574657942e-05,0.0002460376275410433,-7.682267422705951e-05,-7.518999182755768e-05,-5.279810277493458e-05,8.439109207650892e-05,3.64328922120424e-05,6.708277772847049e-06,1.0180818772297253e-05,6.583072068815191e-05,-2.973394171647858e-06,1.6516354261132022e-05,9.950562029721392e-06,-2.099326136698717e-05,1.064208197581118e-05,1.1283078103562663e-05,5.8519891607645486e-06,0.0,-0.0,-0.0,0.0,-0.0,0.0,0.0,0.0,0.0,0.0,0.0,0.0,0.0,0.0,0.0,0.0,0.0,0.0,0.0,0.0,0.0,0.0,0.0,0.0,0.0,0.0,0.0,0.0,0.0,0.0
WP_Dlab_23_2017,106119,-0.09192485063774536,0.010575694823537873,-0.017740370141967166,-0.007918573509246674,-0.0038337755500458767,-0.0075558489758075185,-0.010857552035275126,-0.0011181409975853111,-0.004248011572222982,0.0011771719904469767,0.00083824709205825,-0.00042945578524951865,-0.000685575187954089,0.00192271569161763,-0.00041953271648120463,-0.0004010146807889421,-0.0007673221265116624,-0.0019974914174885243,-0.00519650527121146,-0.00422990048212182,0.00148333807750569,-0.0019397266633239916,-8.084142873385188e-06,-0.0004659912450042742,-0.0007440436768737727,-0.00030738440977203787,0.0001708799299837833,0.00015969446578131764,-0.00039393485078222085,0.00016590883068328232,0.00040240064500894276,0.00012135609241402279,-0.0005530314991188294,-8.744888520305877e-05,-0.00032490088482171306,0.00015281938555520617,0.0010578025870398868,0.00025200564077059785,0.00028149894298355635,4.462631662410918e-05,-0.0002417962131961951,0.00010490903133930764,3.2764112919264556e-05,1.6528493602256712e-05,0.0,-0.0,-0.0,-0.0,-0.0,0.0,0.0,0.0,0.0,0.0,0.0,0.0,0.0,0.0,0.0,0.0,0.0,0.0,0.0,0.0,0.0,0.0,0.0,0.0,0.0,0.0,0.0,0.0,0.0,0.0
WP_Pstr_66_2017,106171,-0.08589574720433402,-0.007680452951668616,-0.0017753385149073544,0.0018666152997049192,-0.008016531908082164,0.003752490055463639,0.003290083924067096,0.0012792301530521906,-0.008014408814075556,0.012361680011175461,-0.0008599408722422617,0.0003027535702723461,0.001554331122525929,0.00030369860609458926,-6.592705832122135e-05,-0.0005432789471465588,0.0005603247619569141,-0.00015288551658010731,0.00034282061178886883,-0.0011730232801300212,-0.0011229644017421454,0.000304890060775458,0.0003589725943293163,-0.0002754535467197502,0.0010037725817349577,0.002203467719893703,-0.0023034064866472876,-0.00031677973143634595,0.0013362023141552685,0.00036338782607510904,0.00023097374579731007,0.00048636921045440787,-0.0007211325509957234,-6.293627331407905e-05,7.277274121723563e-05,0.00013764306912537126,-5.1704433908522216e-05,0.00022439939886578612,-0.00029610602978451717,-6.113831617445451e-05,2.2416198624582693e-05,4.120561146933694e-06,-0.00011999066345255291,4.802421148705611e-05,0.0,0.0,-0.0,0.0,-0.0,0.0,0.0,0.0,0.0,0.0,0.0,0.0,0.0,0.0,0.0,0.0,0.0,0.0,0.0,0.0,0.0,0.0,0.0,0.0,0.0,0.0,0.0,0.0,0.0,0.0
WP_Dlab_23_2019,106269,-0.09256167109533145,0.011057146867538548,-0.017670918768257774,-0.008400896070163349,-0.004316402712234599,-0.00825125721305021,-0.011218163451788082,-0.0012607660354344032,-0.0048591966392499695,0.0014808844598299307,0.0015910863633633097,-0.0009994053430388487,-0.0010952828831248592,0.0027004471327076673,0.0003417955888874386,-0.0009755748361690385,-0.0008117393404899367,-0.0016488269702940215,-0.005244374708982834,-0.0027628593779712622,0.0024541412027138474,-0.00258197856295229,-0.00017832285790825793,-0.0005100107203091984,0.00037790282983606553,-0.00030725887763304526,0.000270860836530971,-0.00019794203701982982,0.0005268003686201915,-5.769251569997111e-05,-0.00044251131780498245,-6.362181427506355e-05,0.0006136300160876903,0.00034189423343166975,0.0002588011995782854,-0.00012273499620160704,-0.0010590715172832433,-0.00021553832628907528,-0.0003059352002133262,-1.6600121346735886e-05,0.0002430721199116766,-0.0001703186352020438,-1.68239043690495e-05,-4.125018989110243e-05,-0.0,0.0,-0.0,0.0,0.0,0.0,0.0,0.0,0.0,0.0,0.0,0.0,0.0,0.0,0.0,0.0,0.0,0.0,0.0,0.0,0.0,0.0,0.0,0.0,0.0,0.0,0.0,0.0,0.0,0.0
CH_Mcav_06_2017,106113,0.18569965194535537,-5.522003595467175e-05,0.007175908865849661,0.007522421664439538,-0.0013673050413019205,0.0004602265718814385,-0.0031427100818664996,-0.0026467737535728116,0.0045589113163860846,0.0028314524522305307,-0.0064565728286496114,-0.00029162749041454386,-0.003259009059995441,0.018050435511563937,-0.003245120543120626,0.0017655149424802455,-0.002909697973152454,0.0039011566674892507,-0.0011822495839433648,-3.397359789516169e-05,-0.0029945554784569207,0.00021381466691095118,5.708807275327739e-05,0.0003184558652276,0.00029888340857019065,-0.0001252843280486492,-4.600662786728817e-05,-0.0001722286439992319,-0.00011469691927919738,-7.207030893395111e-05,0.0001238646050260298,-0.00016407913882317824,3.601583193369706e-05,3.753616355659101e-06,-8.595240507417397e-05,-3.6346663611852096e-05,-4.4958948433597947e-05,-2.3719707674052714e-05,8.895486238316938e-05,-3.0362363473497074e-05,-7.36816604027598e-07,-3.0369308138321074e-08,5.252302448481435e-06,-1.2345206924654255e-05,0.0,0.0,-0.0,-0.0,0.0,0.0,0.0,0.0,0.0,0.0,0.0,0.0,0.0,0.0,0.0,0.0,0.0,0.0,0.0,0.0,0.0,0.0,0.0,0.0,0.0,0.0,0.0,0.0,0.0,0.0
CH_Pstr_82_2017,106115,-0.09109159079164961,0.01106927994992844,-0.016529883421070927,-0.00647394489455229,-0.005248188058459991,-0.006507593375620134,-0.009649750052351632,0.000451418571295015,-0.0018318161932069014,0.00031408144146719756,0.0015433989948181765,-0.003039969306808117,-0.0023151747922753128,0.0017305131309110241,0.0013166769799549923,-0.002288075271819077,0.00012817917806773216,0.00027054058144417476,0.0036253968967956194,0.004388065074552358,0.000571371422901449,0.00029255844677540216,-0.000654248585189155,0.0005918897903645267,0.0007272998320340471,-0.0006933345955665715,0.0008253910899443796,-0.0001227912636870772,0.0002847724136454241,0.0008822402081135103,0.0010896422595854248,0.0005988604496011092,9.025215257448467e-05,-8.667155801605979e-05,0.00041461021586089376,-0.00024268871548641964,-0.0005294932167705721,0.00013590754174266708,0.00016385684257653376,-4.073783801129657e-05,0.00030295564453402315,-0.00025735986964694866,7.623650189580533e-05,-0.00013589040393462569,0.0,0.0,-0.0,-0.0,-0.0,0.0,0.0,0.0,0.0,0.0,0.0,0.0,0.0,0.0,0.0,0.0,0.0,0.0,0.0,0.0,0.0,0.0,0.0,0.0,0.0,0.0,0.0,0.0,0.0,0.0
CH_Dlab_13_2017,106117,-0.08748594410202037,0.008482937134944711,-0.015963686777595878,-0.0029078155720602514,-0.003816284668424751,-0.003604684975677043,-0.007676350261044315,0.001572125662636314,0.0016163095685125788,-0.0010053540934715898,0.0015563747180886828,-0.0029843179220541975,-0.0005233764586262793,0.0003884087127504468,0.000973817121614943,-0.0019348539694211285,0.0007741708504519684,0.000557261342104319,0.0009697118733856329,0.0009867186396438797,-0.0006144602335351663,0.001174203986133536,0.0003124341568502026,0.0001493118665720083,-0.0003614495336126118,0.00041997558077366766,-0.0006466262267677708,-2.4996362606488454e-05,-0.00032245327172954126,-0.0007702823242910065,-0.0003204995015648017,-0.00045262038312393344,-0.00026697637488698597,-0.00021413476933389045,-0.0003770237721187401,0.00029282337408819667,-6.241719827567644e-05,-0.0007876810604301688,-0.0008119275224191624,-7.463786976534739e-05,-0.0002503042837534477,0.00021666228918530207,0.00012927155575782626,-0.00020747177181110996,0.0,-0.0,-0.0,0.0,-0.0,0.0,0.0,0.0,0.0,0.0,0.0,0.0,0.0,0.0,0.0,0.0,0.0,0.0,0.0,0.0,0.0,0.0,0.0,0.0,0.0,0.0,0.0,0.0,0.0,0.0
ET_Dlab_36_2017,106132,-0.0871794982425606,0.008106898390980992,-0.0163868154096599,-0.0040523144104664885,-0.0027235723236329434,-0.0007546979505538415,-0.007164292241904434,-0.0020276415320635054,0.00039172558390338435,-0.0012320360132628376,-0.0030932586401788025,0.0016484900575555244,-0.0003412678002428899,-0.0028530486763774093,-0.0021960056310476,0.003844323274582449,-0.00042013438661568864,-0.000408884760280979,0.00045353798655872377,-0.0022939420914653147,-0.0010925110577645683,0.002631706915245913,-2.283430578339651e-05,0.0006166972794292309,-0.00022899784478994334,0.0014057063161054695,-0.00027018053764605145,0.00033408522482143477,-0.00032207307311202525,-6.637170116570261e-05,-0.0010373705396765666,-0.000714352207306933,0.0006793155355649824,0.0008667061117092997,0.00011042381489973131,-0.00014820259112284796,-0.00046238273143646956,0.0006517423901419045,0.00019176557407215222,1.4105833892264773e-05,0.0001351918940116215,-4.222216407020075e-05,-7.533302144374212e-05,-2.7312577554071126e-05,-0.0,0.0,-0.0,0.0,0.0,0.0,0.0,0.0,0.0,0.0,0.0,0.0,0.0,0.0,0.0,0.0,0.0,0.0,0.0,0.0,0.0,0.0,0.0,0.0,0.0,0.0,0.0,0.0,0.0,0.0
ET_Cnat_52_2017,106159,-0.087669542052981,-0.005574423518178582,-0.0042088922979718205,0.01635263894206477,-0.0013701289033513327,0.0021575970827280976,0.0037039578914592666,-0.007195536420496678,-0.01133465362932568,-0.010871883233839842,0.0004131048742326807,-0.0010744133755757343,6.665473287658063e-05,0.0011034336838525774,0.000567840367791025,-0.000586864519396672,-0.000330201951831957,6.821259055040613e-05,-0.0005454800399286434,-0.00010014873436949458,0.0009673557215103967,0.0014407677614197486,-0.0005020557098342272,-0.00037442842262290884,0.0025618199463919643,-0.0009616554650741922,-0.00023910916854026474,-0.000643031760525231,0.0005977230843564305,-0.0011425655359187925,-0.000451070957806082,-0.00010023087083319617,-8.482562334149954e-05,-0.00041555910971164344,2.462406862172609e-05,0.00015695016616315503,-7.231141563236896e-05,-9.520594482060563e-05,-0.00023018245278207697,-8.061562867260378e-05,0.00015058155250125514,0.0001545051054630149,-0.00023458130818081622,7.376919570510348e-05,-0.0,-0.0,-0.0,-0.0,0.0,0.0,0.0,0.0,0.0,0.0,0.0,0.0,0.0,0.0,0.0,0.0,0.0,0.0,0.0,0.0,0.0,0.0,0.0,0.0,0.0,0.0,0.0,0.0,0.0,0.0
ET_Cnat_52_2018,106199,-0.07909962343113544,-0.004560685943417764,-0.004174768501948688,0.00953369809502485,-0.007157859461306376,0.0037216541415506614,0.0034881143112487586,-0.002211213653754572,-0.004116247317352777,-0.009434717616279117,0.0020819073002742478,0.005653937594770623,0.00029264548845244566,0.0038296984938019016,0.001911819179333568,-0.0034109853413304006,-0.0014475343082678642,0.0010135246806926615,0.004313266378541743,-0.004063626841690978,0.002258678506167701,0.0002729253472460933,-0.00013395300203351279,-0.0026507914907538043,-0.00025301401004776164,0.0004699199148305762,0.0010226411580580885,0.00011450359061725536,0.00039286005532236694,-0.0001397619205996469,-4.810961033349437e-06,-8.296312197803165e-05,-7.64097787933535e-05,0.0001602946320323036,3.0096565607122832e-05,9.179381609369781e-05,-3.240673602135329e-05,0.00013595340892165326,-9.35130900483732e-05,2.6938976609837747e-05,-3.371315172310701e-05,-2.3256850405948964e-05,2.8259350730191236e-05,-1.796965376570156e-05,-0.0,-0.0,-0.0,0.0,0.0,0.0,0.0,0.0,0.0,0.0,0.0,0.0,0.0,0.0,0.0,0.0,0.0,0.0,0.0,0.0,0.0,0.0,0.0,0.0,0.0,0.0,0.0,0.0,0.0,0.0
ET_Cnat_33_2019,106214,0.26038118184505893,-0.0030768305767577353,-0.004959610338136239,-0.0022405067012825743,0.002116592575024265,0.001881826275201146,0.003475975065182486,0.0009759912015125562,-0.0003315916955387531,-0.00028784545540225855,0.0008145517081238464,0.00012300088263978435,-2.6182975873041112e-05,-0.0015855979657977172,-0.0007474741396578385,-0.0010135454027756017,0.0033034140969056287,0.006211173412806352,-0.0009362096376996673,-0.0016915926461641452,-0.00016671900643943396,-0.00044309831349124284,-0.004890722222441932,0.0005760640899683151,-0.00030126541836553535,-0.0002050568308193931,-0.00010442404090677717,0.0005948722056772131,5.657314276583307e-05,0.0002154866766394363,-0.00016046718807153688,0.0003136891688273758,-0.00010416299587504649,4.316752344204145e-05,0.0002015965137701004,0.00045872385930426687,-4.202305148220418e-05,-2.1830447881819956e-05,-6.77923943065967e-05,8.49358822040016e-05,3.357454020809452e-05,3.763889317088956e-06,-1.689705483219387e-05,5.75075355402765e-05,-0.0,-0.0,-0.0,-0.0,-0.0,0.0,0.0,0.0,0.0,0.0,0.0,0.0,0.0,0.0,0.0,0.0,0.0,0.0,0.0,0.0,0.0,0.0,0.0,0.0,0.0,0.0,0.0,0.0,0.0,0.0
CH_Mcav_58_2018,106217,0.07976564345945161,0.03201076694757163,-0.05093420756518537,-0.02011328004850728,0.035411862428501494,0.006018153160469801,-0.00012465526073064494,0.00047200562694875545,0.0028517588147478844,0.00019463763454496483,-0.004231783937087711,-0.0004971235290921633,0.0013249086776960758,-0.0013068459778548158,0.00011621389002104987,-0.000712311493931053,0.0008558844371891368,0.0002832306702961825,-0.00010975973385407486,-0.00016954231811192028,2.720327176466865e-05,4.177030723778787e-05,9.45253521997667e-05,-5.5133227137854236e-05,-9.873781512370455e-05,5.9260128596905536e-05,-2.751782844661394e-05,-2.7453905899394253e-05,7.981700387743894e-06,-5.458490682473749e-05,4.0002829807809354e-05,-1.1380264215978753e-05,-1.5532599961888741e-06,1.529222763045296e-05,-3.172869042837884e-06,1.533094880145712e-05,-2.5011093287326954e-06,3.6755686169225443e-06,-7.029487357755198e-06,9.890854509619819e-06,2.059805766363977e-07,-2.8818120458808576e-06,5.713127475684399e-07,-2.13929413659316e-07,-0.0,0.0,-0.0,0.0,0.0,0.0,0.0,0.0,0.0,0.0,0.0,0.0,0.0,0.0,0.0,0.0,0.0,0.0,0.0,0.0,0.0,0.0,0.0,0.0,0.0,0.0,0.0,0.0,0.0,0.0
CH_Dlab_13_2018,106221,-0.08844798106261932,0.008898005474892353,-0.015022885866150507,-0.00342408826708374,-0.004952046854168342,-0.004343018940860023,-0.007770251136624171,0.0009850677375392645,0.0007729628523571619,-0.0005925532274605895,0.0025232272979009204,-0.0038766789535980483,-0.0013976968462709708,0.0014640135793917092,0.0016597895988320391,-0.0030623951851833416,0.0005290980279294232,0.0003642864392663079,0.0017212568068206034,0.0025388571641971414,0.0002683531223655505,0.00048121447078511504,-0.0001710741538134152,-3.2400552213255395e-06,0.00018988012755265447,0.0006524405586747694,-0.0003525042587162837,0.0002295742922813705,-0.00012164371406902072,0.00014242439251178733,-0.00048387752457020164,-0.000158401424190715,9.84389578477829e-05,0.00010015835541883584,0.00010185276532956235,-0.00011342354497630324,0.0004266765446880104,0.0008523207861381477,0.0007123189947825673,8.14361062201595e-05,0.0001455880931203385,0.00041517992753695474,-0.0003380018766790157,0.00010341577349907889,0.0,-0.0,-0.0,0.0,-0.0,0.0,0.0,0.0,0.0,0.0,0.0,0.0,0.0,0.0,0.0,0.0,0.0,0.0,0.0,0.0,0.0,0.0,0.0,0.0,0.0,0.0,0.0,0.0,0.0,0.0
ET_Cnat_52_2019,106225,-0.09575886520129016,-0.006576481193343487,-0.004813971967137856,0.020574438264976534,0.0013661884123108226,0.0024934297512959193,0.0035743048802887914,-0.0085461787769964,-0.016829697079928728,-0.014873383745963491,-0.0008843053222127758,0.0005392532548075925,0.0009710332370488292,0.0025192291723737685,0.0013565607991038661,-0.003330574632297012,0.002281548296606406,-0.0014112142388845311,0.0011929497263225908,-0.0017483301334633356,-0.002610052888782479,-0.0003208571895670849,0.00033167540210966737,0.0009924824325823766,-0.0020464525949886224,0.00034457834568604083,-4.611977676085569e-05,0.00037777654482572243,-0.0006279587354856104,0.000756028876586493,0.0003365971606022257,0.0001071116015900699,1.2468846270268714e-05,0.00026580255674390064,-8.42477136308437e-05,-0.00012872348058931717,4.121236495357776e-05,3.1320750062306405e-05,0.00017162748532799797,4.003313767691187e-05,-8.435969812972267e-05,-9.800382884500006e-05,0.0001531858834847069,-5.1286441531647774e-05,0.0,0.0,-0.0,0.0,-0.0,0.0,0.0,0.0,0.0,0.0,0.0,0.0,0.0,0.0,0.0,0.0,0.0,0.0,0.0,0.0,0.0,0.0,0.0,0.0,0.0,0.0,0.0,0.0,0.0,0.0
ET_Mcav_39_2019,106226,0.2431018137321529,-0.004245024997425191,-0.006873229511977721,-0.002448191045115675,0.00498987697133166,0.0031584088350350595,0.013354825721603231,0.002290364248118895,-0.003227924047239464,0.0008384937699654103,0.012489996627908583,0.003652876391552239,-0.01674996904259888,-0.0008017066173456751,-0.006516193321604014,-0.0015751645994195413,-0.0029307717185556347,-0.0036435925562096124,-0.00021937982397545193,0.0012823952631423974,-0.0013159456382750147,-5.779978914933663e-06,0.0005487584066267614,-1.8714484726020834e-05,-6.430634213138275e-06,-3.1746830406437004e-05,5.441438168896364e-06,-0.00012448764083044823,-0.00013854428854107108,0.00026927067181695607,-0.00019070196631168365,0.00012506098971273147,-3.2612447813571956e-05,4.548392859378659e-05,6.804871982980179e-05,6.050224224891849e-05,4.058803855214261e-05,2.294010116642537e-05,-8.110335465149568e-05,-2.8203915028069747e-05,-1.3997136680462167e-05,-5.79694399545329e-06,-8.476410601006815e-06,1.2167010240314368e-05,-0.0,-0.0,-0.0,0.0,-0.0,0.0,0.0,0.0,0.0,0.0,0.0,0.0,0.0,0.0,0.0,0.0,0.0,0.0,0.0,0.0,0.0,0.0,0.0,0.0,0.0,0.0,0.0,0.0,0.0,0.0
ET_Dlab_37_2019,106227,-0.08586742174419199,0.012026571333261819,-0.011837866376493963,-0.0022841439121870765,-0.0018066254962764913,-0.010594985531206576,-0.006649267843844178,0.0013903096769830102,0.0007421528418029262,0.0005350294641445085,0.0029673340237803937,0.015576278376371464,0.0015588454706163325,0.0014648507206657317,0.0022383418449907376,0.0007374825858871109,0.00046126523938336733,-0.0014666315379902777,-0.002537773419289936,0.00013274637026892605,-0.0007658933383864707,0.002135404475331351,-0.0002555498738948081,0.001460603387737401,0.00020833718141718735,-0.0003673248707784729,-0.0004419247799144829,2.844429774194443e-05,-0.00022607843189422552,-0.00014804505317740483,-0.0005161591256775551,-9.137172851972236e-05,-0.00016575038719752317,-0.0003712395767263909,-0.00011358470652156889,-6.148497666975846e-05,6.266084566616706e-05,-0.00019785688268474834,4.048113262264532e-05,-6.438953449812699e-05,3.955247431785847e-05,9.516735162589883e-05,-1.7561141070431487e-05,7.601336970138522e-06,-0.0,-0.0,-0.0,-0.0,-0.0,0.0,0.0,0.0,0.0,0.0,0.0,0.0,0.0,0.0,0.0,0.0,0.0,0.0,0.0,0.0,0.0,0.0,0.0,0.0,0.0,0.0,0.0,0.0,0.0,0.0
CH_Ssid_51_2019,106240,-0.08990742320619673,0.01071105629103403,-0.016347533337169755,-0.005501539386629437,-0.004608280443159072,-0.005605444939331796,-0.00889730200934579,0.0009276489397532553,-0.0007044320382699917,-0.000260589482760249,0.0012207585822318267,-0.002676999461477138,-0.0014875205770928269,0.00098637725044083,0.0009880078165637025,-0.0017339948813570687,0.00046703877184082603,0.00027023345017259347,0.0021350532095630145,0.0027259421296881702,-0.00012627010615477442,0.0005677625121012969,-0.00019746042799708934,0.000648371976953963,0.0001094158999863256,-0.0005941885559050688,0.00029679584240577424,-0.0001953439976848901,-9.873854374762471e-05,0.00020634589320830366,0.0009433134302501949,0.00013984320583701143,-0.00016764945255613685,0.00011563045315109854,-0.00012140486221959897,4.615985974064143e-05,-0.000579994346100414,0.00013284043930231453,-0.0002882042423581885,0.00013905937848798447,-0.0007183488722886726,0.00034583549975867966,7.51476917205723e-05,0.00022694581465213868,-0.0,-0.0,-0.0,0.0,0.0,0.0,0.0,0.0,0.0,0.0,0.0,0.0,0.0,0.0,0.0,0.0,0.0,0.0,0.0,0.0,0.0,0.0,0.0,0.0,0.0,0.0,0.0,0.0,0.0,0.0
CH_Dlab_13_2019,106255,-0.08821990308131988,0.008853504469252874,-0.01548880460238464,-0.003456930890483703,-0.004445545739744181,-0.004021187437346576,-0.008007467943785512,0.0012122161638321216,0.0008040329712504361,-0.0006817075056915268,0.001995001206871782,-0.0035119139640300487,-0.0011522142251120084,0.0010535470451620065,0.001275098368238949,-0.002548244201133558,0.0005204519698555252,0.0004856198509107009,0.0017551740446416888,0.00211725062796614,1.8544379591725756e-05,0.0004209273597289932,-6.947682909204484e-07,-0.0001976448996671398,4.0660235175502153e-05,0.00045744865937823523,-0.0003525644492969657,9.050187499284492e-05,1.0864126510019525e-05,-0.0002139448363476691,-0.0003588780374890394,-1.320267385031267e-05,-0.00014448865944827367,-0.00037220111878536816,-4.120943506078662e-05,0.00015879144453304243,0.001175343336479136,-0.0005980479602605505,0.00010800010664862134,-0.00010285466568627387,0.00039897968130706945,-0.0006165570144800994,7.246559035880262e-05,2.96162718069907e-05,-0.0,0.0,-0.0,-0.0,0.0,0.0,0.0,0.0,0.0,0.0,0.0,0.0,0.0,0.0,0.0,0.0,0.0,0.0,0.0,0.0,0.0,0.0,0.0,0.0,0.0,0.0,0.0,0.0,0.0,0.0
WP_Mcav_25_2017,106129,-0.08194996430872083,0.004464301872757848,-0.0006989686406662871,0.009893305047062394,-0.004095383223021721,-0.019025492974434028,0.01119917491282746,0.011991289956597732,0.004784040700782346,-0.0002966885000180839,-0.00034091667292865884,0.007804446081278003,0.0019416482106253082,0.0005696289140462298,0.0011167370973630118,-0.001643123047323015,0.0005358892539435435,0.0009774450340767629,0.0003475311241963679,0.0025413004314476717,0.0006475212037436098,-0.001447103019249802,0.00011498356652250907,-0.0006475573367426182,-6.34024992825473e-05,-0.00031691859170248406,-0.00029210084046291763,-0.0001005957626621874,0.00013817905241785426,0.00013473036311187307,0.000289759750577084,0.00011757021673210228,7.13448706549124e-05,0.00010647046636032674,5.177683709262659e-05,1.4186754544097779e-05,-9.225537074927934e-05,0.00011198497553733821,1.2701358302788551e-05,4.868970594751313e-05,-9.45334850513826e-06,-6.520555548761832e-05,-2.941776758071105e-05,1.1197102037618904e-05,0.0,0.0,-0.0,0.0,0.0,0.0,0.0,0.0,0.0,0.0,0.0,0.0,0.0,0.0,0.0,0.0,0.0,0.0,0.0,0.0,0.0,0.0,0.0,0.0,0.0,0.0,0.0,0.0,0.0,0.0
CH_Dlab_50_2017,106153,-0.09359102075088928,0.025114837895497184,0.010906300175044027,-0.004669410668987064,-0.01148503130372791,0.004666091295655548,0.00405947006047019,0.0011823762683159282,-0.0032057375536935426,-0.0018264117907541878,0.0025286353800607164,0.00016259832632518504,-0.004172098461601032,2.407412161380993e-05,0.0070565409821059175,0.004312094347780564,0.0009002974913761375,0.0014045531262612976,0.000586542132833029,0.001373962758726117,-9.79626905663935e-05,0.00012231047917412577,0.00010857034409972571,0.0005036231304823944,5.588073781767767e-05,0.00042857543220324536,-0.00022768241604814813,1.5109993146171299e-05,0.00021664304357192862,-0.00019066523890227366,-0.0010881564619365056,-4.83034451755553e-05,0.0002483711240454695,-8.368314805334299e-06,-0.00016097208130931188,-0.00017416373852206148,-0.00024327803439593498,-0.00017912664888898735,0.00019863447216101438,-3.4188149229167244e-05,0.00017085288148892253,0.00020801721002881385,5.400756300569129e-05,-8.991389727711858e-06,-0.0,-0.0,-0.0,-0.0,0.0,0.0,0.0,0.0,0.0,0.0,0.0,0.0,0.0,0.0,0.0,0.0,0.0,0.0,0.0,0.0,0.0,0.0,0.0,0.0,0.0,0.0,0.0,0.0,0.0,0.0
ET_Dlab_62_2017,106156,-0.09533404713693774,0.03177666711351111,0.015790436768894987,-0.0063747338671456145,-0.010642955384267195,0.007635601539621506,0.004230078840135363,0.0003682204313701122,-0.002005881503164744,-0.0015953896999622017,0.0002793610123348637,0.00029446715943860855,0.003992225191658819,-0.000814849495923873,-0.007167093140683504,-0.004762506652244978,-0.0013374933408996318,-0.0008998479499813152,0.0001930814255620406,2.4168068537374262e-05,0.0006480777766900641,0.00024340878325166814,-0.00024370590666665127,0.00017734173319422093,0.00021831586889423625,-0.0003133710031615148,0.00012768041612807714,0.0001304824220024016,3.761760737004571e-05,0.0002445810176066068,-8.534392089049545e-05,0.0003692654626540012,-0.00018529773698596923,-0.0004154271000866407,8.931939151498496e-05,-0.00012710995820613784,0.00016526170615148797,-0.00018941681582085155,2.2914522151672565e-05,0.0001540655463075707,0.00029126548630119,0.00048385091380144084,-7.027811800706654e-05,-0.00026439669084874656,0.0,0.0,-0.0,0.0,0.0,0.0,0.0,0.0,0.0,0.0,0.0,0.0,0.0,0.0,0.0,0.0,0.0,0.0,0.0,0.0,0.0,0.0,0.0,0.0,0.0,0.0,0.0,0.0,0.0,0.0
WP_Ssid_73_2017,106177,-0.14815313795384455,-0.009668664066441955,-0.02331754529804639,0.060160546330094516,-0.00285191214015603,0.0377815195811466,-0.005923096132964633,0.012654876043264535,0.01336053967825549,0.00030092618204719944,0.002113557699759831,3.377016484100412e-06,0.0001750000272564141,-0.0003501858782136714,3.731121249385105e-05,0.00012111876856507378,-0.00030690714434045943,7.450380351565518e-05,-0.0002684180723367276,-0.0005075444479242735,0.00028308731327904177,7.480471961514251e-05,-2.6912045182754588e-05,-0.0002004871589786364,8.845790256397146e-05,3.8131327274017814e-05,4.90983564918329e-05,-1.5242960325997097e-06,3.798901539942648e-05,-2.7917914143691744e-05,1.426165614611966e-07,-1.1666499455895453e-05,-6.05960603685715e-06,4.779296043174876e-06,1.0238910143824963e-05,7.147325553826962e-06,-1.6878229454282353e-05,1.1071093463045486e-05,-1.3359766857048775e-05,-1.1311380189657639e-07,3.9620830879745704e-07,2.183438149830883e-06,-4.2817466163058896e-06,1.6332901163209237e-06,-0.0,0.0,-0.0,-0.0,0.0,0.0,0.0,0.0,0.0,0.0,0.0,0.0,0.0,0.0,0.0,0.0,0.0,0.0,0.0,0.0,0.0,0.0,0.0,0.0,0.0,0.0,0.0,0.0,0.0,0.0
ET_Dlab_37_2018,106192,-0.0938641802255579,0.004227859251828461,-0.0020719770494042247,0.005230918595636701,-0.009909835331529716,-0.02443670060830165,0.01507658545852324,0.012921454114864915,-0.0017957562910433868,0.00012390227674648687,-0.004739255182859029,-0.0032006763838828937,-0.0005016428626948173,-0.00036850058752393685,-0.00221827586637312,0.001669651927384907,-0.0018993962027553607,0.0018101877811741256,0.00152957470263631,0.0001517097091961598,0.000901477720355525,-0.0014101962229186098,0.0003582259668823962,-0.0002607123076627308,-0.0005445101716122836,-0.0010000823961717675,0.00032689100687263175,-6.428974844085552e-06,-0.0002474593004724514,-0.0007873258503434505,-0.000905532799742698,-9.285101466745467e-05,-0.00014784096641970565,3.0254697698946718e-05,-0.0009467069026230107,0.00010246317645599948,7.401167993765989e-05,9.798952156287966e-06,0.00011611713673664044,-4.4778578675746675e-05,-2.7163916163832753e-05,3.6728326588724846e-05,-3.697627560267324e-05,2.7724285096872194e-05,0.0,-0.0,-0.0,-0.0,-0.0,0.0,0.0,0.0,0.0,0.0,0.0,0.0,0.0,0.0,0.0,0.0,0.0,0.0,0.0,0.0,0.0,0.0,0.0,0.0,0.0,0.0,0.0,0.0,0.0,0.0
ET_Cnat_61_2018,106193,0.24269377755268295,-0.004334698348562638,0.014817603532683429,0.009187630756996277,-0.012814996871062603,-0.005244866618487266,-0.01179878349039551,-0.0027420107251324944,0.0012545707704698073,0.00010703680210524596,-0.004243359898177247,0.0006184167123324734,-0.0033500023383868194,-0.0007046140173935809,-0.00045588755939748675,0.0006151616101820799,0.0003312420339998482,-0.003585599309785428,0.001009228054075012,0.0007836047325701694,0.0006654286172443273,-0.0010159689547311862,-0.00545358550825978,0.00022780018536418134,-0.0008809922597926809,0.0003180173054545603,-0.00011793223584165588,-0.0001613141971758486,-5.483895395551244e-05,0.00018141656150236264,-0.00039435648016997426,0.00020433605861610527,-5.470236311280687e-05,-3.8952105406322474e-05,8.734060737473182e-05,-0.0001852458772529473,0.00015888673307959026,7.121222333697006e-05,-0.00021103927257927797,-5.679155619655229e-05,-3.507392311415909e-05,2.8535778784927655e-07,-1.1264646746733567e-05,4.418468544869749e-06,0.0,0.0,-0.0,0.0,-0.0,0.0,0.0,0.0,0.0,0.0,0.0,0.0,0.0,0.0,0.0,0.0,0.0,0.0,0.0,0.0,0.0,0.0,0.0,0.0,0.0,0.0,0.0,0.0,0.0,0.0
ET_Dlab_62_2018,106194,-0.0946437171892279,0.031064517090134046,0.015315971547993114,-0.005782246606868091,-0.010519741101851108,0.007571303300993116,0.0036253292064617783,0.0005045554030454496,-0.001500047887383197,-0.0017795403364053647,0.0010583919847323865,1.3047642778363776e-05,0.00445585712134215,-0.0004469886321255737,-0.007163720491996573,-0.0046171416864538095,-0.0012947991325894907,-0.0005398569594093474,-0.0002885962113803641,-6.344010031621642e-05,6.843531804235266e-05,0.0005458064789870094,7.409181069603735e-05,0.0003774556765290839,8.739979929793302e-05,0.0001118428166276549,-0.00017618842871244635,-2.784712761823288e-05,-0.00014306449616734135,-0.0001649603585894831,6.3289201514983235e-06,-0.0003745014937611813,0.00016589801343751644,0.00032260732554151576,-8.09223743355499e-05,9.242543261566746e-05,-0.00018236050501819275,0.0001551123084638733,-4.162231138159994e-05,-0.00016570116371276164,-0.00028174040583566845,-0.0004724640402042347,5.824656837895882e-05,0.00027110864090585795,-0.0,-0.0,-0.0,-0.0,-0.0,0.0,0.0,0.0,0.0,0.0,0.0,0.0,0.0,0.0,0.0,0.0,0.0,0.0,0.0,0.0,0.0,0.0,0.0,0.0,0.0,0.0,0.0,0.0,0.0,0.0
ET_Dlab_36_2018,106198,-0.08595966925782338,0.004642418228603528,-0.016073866056408637,-0.002588799537916071,-0.0029906773790530357,0.0013847635775181958,-0.005413354549774374,-0.002304140080052897,0.00024914779647302747,-0.00152388755282379,-0.0064842056551628405,0.003426012525619123,-0.0006256003359820753,-0.004457268060673465,-0.004533496110760136,0.0062244760233414655,-0.0012660005238197141,5.2503858543046865e-05,0.0027356319175887165,-0.00029301046758009944,-0.0007415422722912457,-0.0003909143242483866,-4.524767423904579e-05,-4.5680367632631026e-05,-0.0004728443199864124,-0.0015065704965080428,0.0006391695891404473,-0.00016490497695282504,-0.00023113420238108997,-0.00011194039247284032,0.00025312295706934277,2.6970650855684256e-05,-0.0003945285397106239,0.00034107282025927504,-0.0005393837654712117,0.00017381527197773584,-5.0792546013526037e-05,0.00027508317311023597,-0.0001701717799787404,-4.051284952815171e-06,7.292957052128812e-05,-0.00015245635249112787,-0.00014406268956769548,-8.108627536818067e-05,-0.0,0.0,-0.0,-0.0,0.0,0.0,0.0,0.0,0.0,0.0,0.0,0.0,0.0,0.0,0.0,0.0,0.0,0.0,0.0,0.0,0.0,0.0,0.0,0.0,0.0,0.0,0.0,0.0,0.0,0.0
CH_Dlab_50_2018,106207,-0.0911134190509669,0.020728293948952693,0.009708051277134472,-0.0025447305088516867,-0.010226453514739942,0.004828518887017289,0.003956171729091003,0.0022762489061522407,-0.0014561157783734217,-0.00169802757065116,0.002795857707868564,-0.00037725819684736805,-0.002841341071471727,-0.0004226701571973047,0.005715390765441997,0.0048216741486580275,0.0007590249551177418,0.000808919076616462,-0.0018343092120207132,-0.002003899873769618,-0.001349718669182696,-0.0010831467684470583,0.0005805313171565286,-0.0009639019473042233,-0.0004884689784540809,-0.0006358571964941377,6.708575460722686e-05,-0.00013062949014350564,-0.00013085738805674511,0.00015298292422792048,0.0016902071551567503,0.0007388833401524881,-0.0008227164724757367,-0.0006253622661491648,0.0001237681665479891,2.3410129194966897e-05,-0.00018597222167599116,0.00024696953149639083,7.687337849482163e-05,1.1257304413705378e-05,0.0002137414494968489,7.374216082552798e-05,-0.00011330129221222762,4.1504265057906987e-05,-0.0,-0.0,-0.0,-0.0,-0.0,0.0,0.0,0.0,0.0,0.0,0.0,0.0,0.0,0.0,0.0,0.0,0.0,0.0,0.0,0.0,0.0,0.0,0.0,0.0,0.0,0.0,0.0,0.0,0.0,0.0
ET_Dlab_62_2019,106213,0.025017985475021813,0.0663689752220391,0.02743433959287103,0.0008276138370123609,0.0012733543914459013,0.002542072957969081,-0.012697094986925454,-0.00014928177195530515,0.0030066688870561877,-0.0003428404392637855,0.005226027141500695,-0.0011081341043476809,0.005320695041217573,0.0015067138810144665,-0.0027133522224559834,-7.164130232242808e-05,-3.2648262718645595e-05,0.0011869104159681909,-0.0004893950906410464,-6.562521298474803e-05,-0.0008511399597859743,-1.6643407618535235e-05,0.00038314863474615926,-9.300975383379151e-05,-0.00010162437534608618,0.00010695453222295189,-6.538319424444835e-05,-8.433618980832342e-05,1.600891095560236e-05,-0.00012539978849169123,0.0001211465186413698,-5.369668818168415e-05,6.8708754489523696e-06,2.5043414751819627e-05,-8.325100982063073e-06,2.4939260291023323e-05,-1.3684564425408145e-05,7.186004649273009e-06,-1.887450038297862e-06,-3.410517799848385e-06,-1.7679499427786487e-06,-1.0377881245369906e-05,-3.59320680000673e-07,6.011474996653838e-06,-0.0,-0.0,-0.0,-0.0,-0.0,0.0,0.0,0.0,0.0,0.0,0.0,0.0,0.0,0.0,0.0,0.0,0.0,0.0,0.0,0.0,0.0,0.0,0.0,0.0,0.0,0.0,0.0,0.0,0.0,0.0
ET_Dlab_36_2019,106228,-0.08639907277337536,0.00494005481201824,-0.01581735764706813,-0.0027465353915274325,-0.0030241810801092846,0.000990755418110804,-0.0059065554267109365,-0.002846489031437104,-0.000899821960585603,-0.0015102604380901495,-0.005848265453406724,0.003734758789317675,-0.00040482870729916545,-0.004083050028582607,-0.00477093116852015,0.006861753593822919,-0.0018687917796801116,0.00032001569814510205,0.0020864650698407964,-0.0008340333596306317,-0.0008492468470551575,0.0006551943259884212,4.2722003688449166e-05,-0.00012721627376473607,0.0004732316828723817,0.0004723214247116087,4.440858308305511e-05,-1.1773096951546382e-05,0.0003044642597897604,0.0002971374134998909,0.0007209245557540096,0.000375740254788815,2.7866158964678532e-05,-0.000662073999017759,0.0005185341480988093,-5.629122023880814e-05,0.00038833917925035796,-0.0005429202388085545,7.433761183054465e-05,-2.185708459131831e-05,-7.315864398529618e-05,7.613291565444129e-05,0.00015712921146005288,9.22971147931526e-05,0.0,-0.0,-0.0,0.0,-0.0,0.0,0.0,0.0,0.0,0.0,0.0,0.0,0.0,0.0,0.0,0.0,0.0,0.0,0.0,0.0,0.0,0.0,0.0,0.0,0.0,0.0,0.0,0.0,0.0,0.0
ET_Dlab_57_2019,106231,-0.05901434800277672,0.01505961028748692,0.006631422070490248,0.033804593117502064,0.022141580097468864,-0.030728157958164335,0.009790969600256426,0.011842189260877871,0.006276958041123567,-0.002789572182216429,-0.001938604498674365,-0.003299074285157536,0.0003218938021851289,-0.0021351973101478646,0.0001482090874169806,-0.0006875513293404187,0.0023841986758621923,-0.0022812453691734005,-0.0011911677682951813,-0.0005597869497574278,-0.0014972803186355879,0.0007714110775962271,-0.00017773430976727786,0.00032383924571830814,-0.00019649293154557594,-0.00014261915462545065,-0.00014419576468714058,-5.455462176442262e-06,-0.0001637727665228405,9.499953084212703e-05,9.951916230068263e-05,0.00010957499691923025,-5.6359035173603234e-05,3.519868271091931e-05,9.311362008222894e-06,3.951651622666324e-06,-4.665582800302084e-05,3.150726172142923e-05,-3.167872462330476e-05,-7.42579292021349e-07,6.227990151278788e-06,-1.88308943658731e-05,-2.243973604861569e-06,-7.748021953469666e-06,-0.0,0.0,-0.0,-0.0,0.0,0.0,0.0,0.0,0.0,0.0,0.0,0.0,0.0,0.0,0.0,0.0,0.0,0.0,0.0,0.0,0.0,0.0,0.0,0.0,0.0,0.0,0.0,0.0,0.0,0.0
CH_Dlab_50_2019,106239,-0.0943605475941152,0.025515399320041307,0.011788493936563477,-0.005885977564480159,-0.011308657477258555,0.0050956657792707565,0.003618897270110765,0.0013013896330850054,-0.003934079383692113,-0.0008431409926849656,0.0027470499150339047,-0.00022266373083325525,-0.0042388445948359586,0.00022363795384318206,0.0075867969343826,0.004122626662658204,0.0012532804365964912,0.0011344029203767614,5.215331261264293e-05,0.0006445136130599563,-0.00018057100126519146,-0.00021994144970252947,8.732106333185575e-05,-5.555634178262226e-05,0.00012865595346032126,0.0002811152031135994,8.152786260594378e-05,-4.455287731980332e-05,4.002303726212731e-05,-0.00014359160422341069,-0.0002923943920790452,-0.000593006746381819,0.00048131200658257776,0.0005860506559917835,2.5855665281656115e-05,0.00018313558545744415,0.0004249276921824605,-4.1007584503766726e-05,-0.00024866455691234567,3.643927545714753e-05,-0.00035000333381743863,-0.00027692325050146727,4.972033531283023e-05,-2.7302419543522926e-05,0.0,0.0,-0.0,0.0,-0.0,0.0,0.0,0.0,0.0,0.0,0.0,0.0,0.0,0.0,0.0,0.0,0.0,0.0,0.0,0.0,0.0,0.0,0.0,0.0,0.0,0.0,0.0,0.0,0.0,0.0
CH_Cnat_05_2019,106250,0.24986466404523672,-0.00873558994454192,0.014578931510167793,0.009961070924992148,-0.01713668687825232,-0.009798197371643374,-0.013693185403944538,-0.0017967992389043084,-0.0029003678409516903,-0.0006892472124165923,0.012170704054513315,0.0005598804710540825,0.0029425349683969227,-0.007817222942090345,-0.0020820414043386227,0.0008371134983248833,-0.0014357529470886707,0.0051640362217718495,-0.00018892043939873598,-0.0005793113087184625,-0.002253494831806593,-8.045260579030274e-05,0.0005300597153512503,-0.00014320624881432035,0.0004013388249918569,-0.00016409563895661232,0.00017700935649586413,-0.00047654911262658275,-0.000278827102365741,0.00022392520966300832,4.669300431639335e-05,-0.00016400313036994994,5.818313325566012e-05,0.0001240847238057303,-0.00013809889015438701,-7.736518920978188e-05,-2.310669822186848e-05,-1.2569960177469968e-05,8.466193152062991e-05,3.616857167966434e-05,-8.056413966136927e-06,-1.4748379479301427e-05,1.6427988690283693e-05,-4.2355883217500814e-05,0.0,0.0,-0.0,0.0,0.0,0.0,0.0,0.0,0.0,0.0,0.0,0.0,0.0,0.0,0.0,0.0,0.0,0.0,0.0,0.0,0.0,0.0,0.0,0.0,0.0,0.0,0.0,0.0,0.0,0.0
CH_Cnat_12_2017,106108,0.26652830691370444,-0.0031847759997242313,-0.003609230572589328,-0.0018988559142302176,0.0006593865947316507,0.0014250563617296459,0.001155654757024187,0.00040678242164296936,0.00021455089067951255,-0.00039493322281862936,-0.004962175331875348,-0.00012034766317872372,0.0010664111694887951,-0.00234357886154713,0.004863081415504327,-0.0031939555022537642,-0.006803949009125226,-0.001080319430717466,-0.0009424305630211577,0.0005496793361022844,-0.0017941429205178144,0.00031816618080664905,0.0009233918449103409,0.00010970058154430644,4.5297781374009566e-05,-0.00019104093418688975,-0.00014933669768646887,0.0007221137912473652,7.79211412929221e-05,0.00012788771540936904,-0.00011956178560850413,0.00030997525600398286,-0.00013445562268385558,0.0002930675470648824,0.00036784918891097655,0.0013664582026823777,-0.00012813680075628172,-9.06067010537656e-05,1.0807872385869107e-05,-5.3273058282317194e-05,-2.027328289702434e-06,1.2856361858891708e-05,-3.269150160822316e-05,9.544458625551525e-05,-0.0,-0.0,-0.0,-0.0,-0.0,0.0,0.0,0.0,0.0,0.0,0.0,0.0,0.0,0.0,0.0,0.0,0.0,0.0,0.0,0.0,0.0,0.0,0.0,0.0,0.0,0.0,0.0,0.0,0.0,0.0
CH_Cnat_12_2018,106202,0.2653400191585896,-0.0035866767090332037,-0.0015662890434400222,-0.0006707299448955034,-0.001269355576595351,0.0004913020937693599,-0.001341257838131481,-0.0002696324429886166,0.00035587921775257815,-0.00032616420862385906,-0.006952294760037349,0.0003873450877475235,-0.000424463934965473,-0.004577876432729144,0.005058255565744129,-0.004642941268853968,-0.004343060003894722,0.0030539651420541753,-0.0014778085522191195,-0.0007040527335010786,-0.0009016741425158391,0.000584010120243472,0.001913549315866762,0.00016513584544249456,0.0009499884912297742,-0.0008389967622876016,0.0003706155035724433,0.0008073583958689741,-9.11435803443458e-05,0.0009084914906609092,-0.00047900493270142325,0.00026452192324218077,1.0977882510478845e-05,-7.624361350749888e-05,-0.00010674640968676709,-0.0009846569139705865,0.00020226309958802082,0.000140457204589796,-0.00018913641431115023,8.502691550213264e-05,-1.581264911790298e-05,-3.920347832058823e-05,2.3366740513111252e-05,-7.185961591588874e-05,0.0,0.0,-0.0,0.0,0.0,0.0,0.0,0.0,0.0,0.0,0.0,0.0,0.0,0.0,0.0,0.0,0.0,0.0,0.0,0.0,0.0,0.0,0.0,0.0,0.0,0.0,0.0,0.0,0.0,0.0
CH_Cnat_12_2019,106254,0.26390271285622624,-0.0033141022320700045,-0.002271197768583009,-0.0009344340976373102,-0.0005047563884339229,0.0008063396028046448,-0.0007985232707082416,-0.00013637665254208968,0.00047931020185851226,-0.00029678767232878993,-0.006161036811028449,0.0005641408082963065,-0.0017784450908612435,-0.004519618373950511,0.003464707524655005,-0.004289724790029633,-0.0026354988927669016,0.001055658755855265,-0.0010235659563574261,-0.0002413798032202,0.00022603481796049557,-0.00020104587314615627,-0.0014953451241103647,-0.00011012097961501179,-0.0010754860208753944,0.0011107857830741485,-0.0004175684158142892,-0.001471929144928504,0.0001391561516669056,-0.0014399311084589595,0.0009196054034212807,-0.0006450488377647181,0.00011402241586654641,-0.00033075722669670003,-0.0002526223618261247,-0.00040663353183562284,-0.0001441358447006259,-4.1461443906997927e-05,0.00022690334489959565,-0.00021753270074618896,8.923222166978925e-06,2.5553036737310216e-05,-7.946146766806236e-06,-5.7140716924254505e-06,-0.0,-0.0,-0.0,-0.0,0.0,0.0,0.0,0.0,0.0,0.0,0.0,0.0,0.0,0.0,0.0,0.0,0.0,0.0,0.0,0.0,0.0,0.0,0.0,0.0,0.0,0.0,0.0,0.0,0.0,0.0
CH_Cnat_05_2017,106112,0.24349866511836332,-0.004588927820212599,0.0125051135284187,0.008105147849382864,-0.01139433810390117,-0.00479752316911247,-0.009701060093384388,-0.0019105705732262105,0.0008258852739354667,-0.00021993389466873743,-0.0015728499214047573,-0.00037261350789993624,0.0008008885635642325,0.0009769477584126807,0.0003137628774809646,0.0018663065751674214,-0.0007327518171904395,-0.004957765460164421,0.0009638567248020487,0.0012312217306721632,0.00048308887762338565,-6.099472283344725e-05,0.0009453373426033272,-1.542477993438782e-05,3.4843752231114724e-05,6.820616257204585e-06,-0.00025122462306294735,0.0008048845740055433,0.00031177422034768033,-0.000544107412081182,0.0002719232543139744,-0.0003375942066925487,7.537481753631614e-05,-8.085732380533433e-05,-0.00025748439205037474,-0.0007151572474727713,0.0001053830931036839,3.0935112859676026e-05,-0.00019618569166724283,0.0001986960612249755,3.9558186648717894e-05,-3.7210754259792594e-06,-2.599409680942378e-05,1.6012666182595697e-06,-0.0,0.0,-0.0,-0.0,0.0,0.0,0.0,0.0,0.0,0.0,0.0,0.0,0.0,0.0,0.0,0.0,0.0,0.0,0.0,0.0,0.0,0.0,0.0,0.0,0.0,0.0,0.0,0.0,0.0,0.0
CH_Cnat_05_2018,106203,0.24440899055564766,-0.004645879082213964,0.01244360427599629,0.00802064602283412,-0.011511602988596617,-0.004926444911106751,-0.010020352441054457,-0.001896308872022522,0.0006434248912709322,-0.00042877475519367613,-0.0015092561342371124,-0.00045271023105585603,0.0021239299273235366,-0.002294215002237094,0.0013953824857324288,0.001085355258465768,0.00039853775856411226,-0.003807879944443539,0.0010141894869973899,0.0005838822234400122,0.002037078373068793,-7.646209731166719e-05,0.0012459669396414953,-0.0003811083033741613,-4.2878834293513416e-05,4.890619925791069e-05,2.1601785983024185e-05,0.00101666769849255,0.0005490110978113954,-0.0003748947730608776,0.0003017275454811082,0.00010350168078185598,-9.30046927261642e-06,0.00012557249470427397,0.000217806153508012,0.0009121049413980778,-0.00020213522264624794,-6.792429355077538e-05,0.0003374661976171598,-0.00013598745263044494,-1.9972158684384417e-05,6.383933578605208e-06,4.088576124542819e-05,-4.962813938481646e-06,0.0,-0.0,-0.0,0.0,-0.0,0.0,0.0,0.0,0.0,0.0,0.0,0.0,0.0,0.0,0.0,0.0,0.0,0.0,0.0,0.0,0.0,0.0,0.0,0.0,0.0,0.0,0.0,0.0,0.0,0.0
ET_Cnat_61_2019,106222,0.24890168150667133,-0.003643102357029486,0.013064782437407078,0.008133544739873948,-0.011465684932355436,-0.005307142966262958,-0.01352654441668123,-0.0031184275918857236,0.0026566953806371656,0.0004997315986282184,-0.0104840564282936,0.0003255357003774687,-0.004141948092716433,0.0020245060106371536,-0.0011981462486542027,-0.000725299456943568,0.005853959568104891,-0.00019496618389880854,1.2726080209883606e-05,-0.0005600212730925312,0.0014549316300537809,0.0006917581946508528,0.0025194777245615627,-4.713983558149243e-05,0.0003016526924418184,-0.00012713652020146792,0.00024612096936737116,-0.0009494424463576467,-0.00046928272957806594,0.0006901805413954985,-0.00047835353788654015,0.0003103583502523362,-8.700382370941098e-05,-3.674665007637623e-05,0.00015979709131743656,0.0001947756664028166,3.468149397865319e-05,-7.63968971519673e-06,-0.00010457859807435938,-2.14038685555156e-05,5.8087489334476445e-06,1.6222785362109027e-05,-2.337080555486791e-05,4.4138729661606435e-05,-0.0,-0.0,-0.0,-0.0,-0.0,0.0,0.0,0.0,0.0,0.0,0.0,0.0,0.0,0.0,0.0,0.0,0.0,0.0,0.0,0.0,0.0,0.0,0.0,0.0,0.0,0.0,0.0,0.0,0.0,0.0
ET_Ofra_59_2019,106235,0.2628402764607069,-0.0026523181621810315,-0.006365269417862609,-0.003283211409301874,0.003503477595142724,0.0026400633409767995,0.005184369207923202,0.001485496532591963,-0.0003346169333379669,-0.00046131776686640993,0.001372734270180453,-0.0009723547544270407,0.004358875921788272,0.0007071978613964172,0.0011470623410075433,0.0012125051362476319,-0.00034587964878373756,-0.00057226091807578,0.0003936190169487595,9.148072498999497e-05,0.00018168400528660142,-3.639518796637967e-05,0.0006059321783868694,-0.0004002906239646176,-0.000182515623300298,0.0004983831612976301,0.00040352454806072576,-0.0034449883426570923,-0.0012091674509560769,0.0009499203698801183,-0.0004706003735923625,3.5283134464604145e-05,-4.7745544986953165e-06,0.0001261798461692296,-3.0144344675073254e-05,0.00031399006616192934,-2.841654680302621e-05,-0.00015118477617999436,7.875471877061602e-05,0.0005383403349720496,9.844945881210443e-05,2.6805077414874223e-05,3.304000914611065e-05,-3.3999367822974794e-05,0.0,0.0,-0.0,-0.0,0.0,0.0,0.0,0.0,0.0,0.0,0.0,0.0,0.0,0.0,0.0,0.0,0.0,0.0,0.0,0.0,0.0,0.0,0.0,0.0,0.0,0.0,0.0,0.0,0.0,0.0
ET_Cnat_33_2017,106140,0.2653159886483103,-0.0032836611589984054,-0.005201100051034423,-0.0024364997953240826,0.0017690903782931896,0.0014280558754296447,0.0023237389858898273,0.0007772688520868787,-0.0003249793966143735,-0.0002136156080491365,0.00035406881210340365,0.0010383638881300353,-0.004807536355469522,-0.002505502620331833,-0.0037523153032775025,-0.001560142858306592,0.007881595343680107,0.0037648766542100233,-0.0005244922965195918,-0.0012763997512976232,0.0019246926923881728,0.0003129359976950858,0.00216026611095136,-0.00010919779325411932,0.00032963767438790156,-0.0001703519245078885,1.6850694010704773e-05,0.0008527666764467066,0.00032956810251501126,-9.914552496676888e-05,2.6256695532916635e-05,8.557508361350552e-05,-1.269233485801852e-05,1.8688377845551567e-05,0.00011560958364714122,0.00031118712758129545,-3.168708284777841e-05,-2.9284969423428464e-05,4.7688648504591697e-05,-6.793146432270626e-05,-7.267881946605102e-06,1.307486247365671e-05,-7.2959467785539925e-06,1.637523383137749e-05,-0.0,-0.0,-0.0,-0.0,-0.0,0.0,0.0,0.0,0.0,0.0,0.0,0.0,0.0,0.0,0.0,0.0,0.0,0.0,0.0,0.0,0.0,0.0,0.0,0.0,0.0,0.0,0.0,0.0,0.0,0.0
ET_Cnat_60_2017,106154,0.2680931182871674,-0.0031444381119686373,-0.007239157231300593,-0.003941312750928053,0.003663621096214904,0.002610643055469297,0.006119433628502587,0.001815711045725089,-0.0008160424090424402,-0.0005276454131702471,0.0023329300356077615,-0.001002556504611269,0.004290202100287098,0.002041693202563619,0.0007385043038984035,0.0018184376611664929,0.0003313640610913998,-0.00010900449508957977,0.0003171957976978037,-2.155022736384527e-06,9.165125672703661e-05,6.176252374576419e-05,-0.00022305396451355008,0.00026407971235566286,0.00039081367902260117,-0.0005596945011503188,-3.85789332644518e-05,0.001964987425756846,0.000484803478204011,2.6549557439106166e-05,-0.00015759741728706985,0.00015977731041970966,-1.4054879631781915e-05,-5.216939897660443e-05,-2.5545685552006775e-05,-0.0007791446656263137,0.000293042042963261,0.00024476832205860247,-0.0006435096496025244,0.0004779495096419673,4.47664564547835e-05,-5.667514436833191e-05,3.4381049936632488e-06,0.00017392993434023164,-0.0,-0.0,-0.0,-0.0,-0.0,0.0,0.0,0.0,0.0,0.0,0.0,0.0,0.0,0.0,0.0,0.0,0.0,0.0,0.0,0.0,0.0,0.0,0.0,0.0,0.0,0.0,0.0,0.0,0.0,0.0
ET_Cnat_33_2018,106197,0.26835537949124644,-0.0030162422876568087,-0.007273066505838134,-0.003932614587204985,0.0037178863793508625,0.002613621520325125,0.005825437632291503,0.0017338649673214626,-0.000688538690010433,-0.0004440977669154965,0.0025114716149441142,-0.0005061543276452348,0.0016677632441509018,0.0019807852951848927,-0.0010675895793397646,0.0014628834829591621,0.001246530726345448,-0.0009552605596549527,0.0002746871873231514,0.000371929930789443,-0.0002015429206003153,-0.00010365132887400661,0.000167347815493629,3.734727003487926e-05,-0.0002528733877411706,0.0003475645912248292,-0.0005033277328572278,0.0007362129298347482,0.0005282567251795846,-0.001460797906893057,0.0009951676943654396,-0.0008647848595646537,0.00017761370547118743,0.00020784981659492245,-0.00043422832188089123,0.0002989723268186441,-0.00023542277767590658,-0.00026606125146100463,0.0004742133367157143,0.0008608792223606013,0.00017330587782136368,1.457522475086342e-05,0.00010001639196120129,-0.00012303246856856337,0.0,0.0,-0.0,-0.0,0.0,0.0,0.0,0.0,0.0,0.0,0.0,0.0,0.0,0.0,0.0,0.0,0.0,0.0,0.0,0.0,0.0,0.0,0.0,0.0,0.0,0.0,0.0,0.0,0.0,0.0
ET_Cnat_60_2018,106200,0.26590254509571476,-0.0028881396783629397,-0.006962008140938147,-0.003711520445253641,0.003719110313563574,0.002703921551192579,0.005903104335889267,0.0017035431103119476,-0.0005892440416736921,-0.0004373183677165728,0.002272998924210753,-0.0007929638624624398,0.0031340573685636414,0.0021763490215876693,-0.00017443730833855542,0.0015717277006907263,0.0007705081924876631,0.00017849987771577022,0.00015449304663394813,5.50810906570674e-06,-0.00024314349388508205,3.406633217065683e-05,0.00027805209195528577,9.179607014577664e-05,0.00019216412298534672,-9.872867718134075e-05,-8.925379432732946e-05,0.00042629500910297747,0.0001771621033854803,-0.00039145236691258525,0.0003714568090892648,-0.0003235275624939327,9.554310167902854e-05,-9.75562199278244e-05,-0.00021589350044766623,-0.0003788627700210131,-0.0001501252539420851,-2.8986274083483953e-05,0.0005352382846699854,-0.0010863868106560143,-0.00019339573369845305,2.4025584972943255e-05,-2.0546375832777832e-05,-0.0002526769053885103,0.0,0.0,-0.0,0.0,0.0,0.0,0.0,0.0,0.0,0.0,0.0,0.0,0.0,0.0,0.0,0.0,0.0,0.0,0.0,0.0,0.0,0.0,0.0,0.0,0.0,0.0,0.0,0.0,0.0,0.0
ET_Cnat_60_2019,106215,0.26567385854940967,-0.002779181264837452,-0.007441463868306822,-0.0040606020865095295,0.004243264743672609,0.0029527713352862374,0.006879504085234317,0.001975714874183216,-0.0009530520070853107,-0.0005660459386687932,0.003955319513047289,-0.0007700147702089644,0.0035140469930421466,0.00022361233579555395,-0.00017050456263545285,0.0015730128073011848,0.0014183274461945367,-0.001623932867398381,0.000677380117498991,0.00017846286401948522,0.001441845653516979,-0.0001030650230801823,0.0008885077150677376,-0.0004918874220929534,-0.0004294759994572454,0.0006415271578264594,9.806944341406944e-05,-0.0014939716232229903,-0.00013581016532910754,-0.00027323443002701917,0.00022229515428497053,-9.387940781637351e-05,4.078279284508657e-05,-0.00032181076857336886,-4.608354137733844e-05,-0.0009034992734719928,0.00013894653417854082,0.00023909446639174906,-0.0003495917565815305,-0.0002643234823890267,-4.968929564628661e-05,-5.455028418348303e-05,-3.3521476217941525e-05,0.00014331715443859699,-0.0,-0.0,-0.0,-0.0,-0.0,0.0,0.0,0.0,0.0,0.0,0.0,0.0,0.0,0.0,0.0,0.0,0.0,0.0,0.0,0.0,0.0,0.0,0.0,0.0,0.0,0.0,0.0,0.0,0.0,0.0
ET_Cnat_35_2017,106131,0.27370534345318903,-0.0030596517809354166,-0.00841483028011134,-0.005229110256881468,0.004763317086527408,0.0033516531330290873,0.0090729673754162,0.002628427659758759,-0.0016723714115545333,-0.0007435714057077923,0.005754597347153853,-0.00170931041789775,0.007795033155962453,0.00362935201777131,0.0011392694460145595,0.004120150402305721,-0.00044082909801054814,-0.0024781421977609,0.0012432761449317313,0.00044862552902322466,0.0005466437779306395,-0.00011745441077075112,-0.0008107876640646465,0.00012698111360134006,0.0003519324872173929,-0.0004968480236275274,0.0003272027677430733,0.00030145709127551003,-0.00021361622817289488,0.0010656602754618178,-0.0008356882079920085,0.0006311957737018002,-0.0001425917571195443,3.2447710032171726e-05,0.0003565723232117814,0.0005325742997568078,5.078224021835888e-05,-2.3144221221017993e-05,-2.419871651736164e-05,-0.0003309482380689722,-5.7491939391103305e-05,3.72172272281131e-05,-3.694086387034266e-05,-2.262791100334675e-06,-0.0,0.0,-0.0,0.0,0.0,0.0,0.0,0.0,0.0,0.0,0.0,0.0,0.0,0.0,0.0,0.0,0.0,0.0,0.0,0.0,0.0,0.0,0.0,0.0,0.0,0.0,0.0,0.0,0.0,0.0
proportion_explained,0,0.9580342288883564,0.01122770908737003,0.006909709928005225,0.005677997313034454,0.005106442036153439,0.003546051673708931,0.0022252513831167785,0.0020026428816939724,0.001095328772302814,0.0008950274364261739,0.0006362999531957233,0.00040784146534075523,0.0003901094379267459,0.0003553822989476123,0.00029212150572604595,0.000229198295918577,0.00016406827507501777,0.00014124087190126218,0.00012860733914673943,0.00012052918998282745,7.295193229525712e-05,6.073305680439035e-05,4.9461887462603743e-05,4.081002602468598e-05,3.199961772974351e-05,2.3839750177244617e-05,2.1186911647057242e-05,1.8394341849885063e-05,1.6530497582920914e-05,1.3992816280583714e-05,1.1011674356717711e-05,1.0409344911626339e-05,8.97532629614694e-06,6.580859351493823e-06,6.381694742208466e-06,4.997417559726646e-06,4.00412002041478e-06,3.1221743312090483e-06,2.6598417026436457e-06,1.8645405341066673e-06,1.319614857886266e-06,1.2238898208727565e-06,1.1178937844780944e-06,6.427365466096295e-07,0.0,0.0,0.0,0.0,0.0,0.0,0.0,0.0,0.0,0.0,0.0,0.0,0.0,0.0,0.0,0.0,0.0,0.0,0.0,0.0,0.0,0.0,0.0,0.0,0.0,0.0,0.0,0.0,0.0,0.0
