sample_name,A4-A4ab-A4aa,A3,A4,A13,B1-B1x-B1t-B14b-B1af-B1ae-B1ag,B19/B5af-B19e-B19c-B5ag-B19d-B19f-B40a-B19h,B1-B1z-B1aa-B1ad-B1ac-B1ab,B1,B19-B5af-B19e-B19c-B19d-B19g-B19f,B1-B1x-B1ai-B5ah,B1-B1al-B1aj-B1ak-B1aa,B1-B1g,B1-B1ah-B1aa,B5,B1-B1x-B1t-B14b,B19,B5ai,C3-C16a,C7/C7d/C12c-C12b-C12e-C7h-C3-C7g,C3-C40g-C3b-C3an-C21-C3fc-C3fd-C3s,C3fe-C3-C3fg-C3b-C3ag-C21,C3/C7,C3-C3a-C16a,C7/C12c-C7d-C12b-C12e,C3-C3an-C3b-C21-C3fc-C3bb-C3s-C3fd,C47/C44,C54a-C54b-C3-C54d-C54c,C42.2,C3,C45a,C3/C3b,C3/C3a,C3/C3a-C3b,C1/C3/C1c-C1al,C1/C3-C1c-C1b-C72k-C1w,C46,C7,C1/C42.2/C3-C1b,C21/C3,C1/C3/C1b,D1-D4-D4c-D17d-D1r-D17e,D1-D4-D4c-D1c-D2-D1k,D1/D4-D4c-D1c,D1-D4-D17d-D17c-D17e-D1r-D4c-D1c-D17j-D17l-D17k,D1-D4-D4c-D6-D2-D4f
WP_Ssid_57_2019,0,0,0,0,0,0,0,0,0,0,0,0,0,0,0,0,0,34486,0,0,0,0,0,0,0,0,0,0,0,0,0,0,0,0,0,0,0,0,0,0,0,0,0,0,0
WP_Ssid_26_2019,0,0,0,0,0,0,0,0,0,0,0,0,0,0,0,0,0,11909,0,0,0,0,0,0,0,0,0,0,0,0,0,0,0,0,0,0,0,0,0,0,0,0,0,0,0
WP_Ssid_46_2019,0,0,0,0,0,0,0,0,0,0,0,0,0,0,0,0,0,27597,0,0,0,0,0,0,0,0,0,0,0,0,0,0,0,0,0,0,0,0,0,0,0,0,0,0,0
ET_Ssid_41_2017,0,0,0,0,0,0,0,0,0,0,0,0,0,0,0,0,0,13300,0,0,0,0,0,0,0,0,0,0,0,0,0,0,0,0,0,0,0,0,0,0,0,0,0,0,0
WP_Ssid_76_2017,0,0,0,0,0,0,0,0,0,0,0,0,0,0,0,0,0,17574,0,0,0,0,0,0,0,0,0,0,0,0,0,0,0,0,0,0,0,0,0,0,0,0,0,0,0
ET_Ssid_41_2019,0,0,0,0,0,0,0,0,0,0,0,0,0,0,0,0,0,16882,0,0,0,0,0,0,0,0,0,0,0,0,0,0,0,0,0,0,0,0,0,0,0,0,0,0,0
ET_Ssid_41_2018,0,0,0,0,0,0,0,0,0,0,0,0,0,0,0,0,0,13724,0,0,0,0,0,0,0,0,0,0,0,0,0,0,0,0,0,0,0,0,0,0,0,0,0,0,0
WP_Ssid_38_2019,0,0,0,0,0,0,0,0,0,0,0,0,0,0,0,0,0,14623,0,0,0,0,0,0,0,0,0,0,0,0,0,0,0,0,0,0,0,0,0,0,0,0,0,0,0
WP_Ssid_73_2019,0,0,0,0,0,0,0,0,0,0,0,0,0,0,0,0,0,14071,0,0,0,0,0,0,0,0,0,0,0,0,0,0,0,0,0,0,0,0,0,0,0,0,0,0,0
WP_Ssid_47_2019,0,0,0,0,0,0,0,0,0,0,0,0,0,0,0,0,0,22208,0,0,0,0,0,0,0,0,0,0,0,0,0,0,0,0,0,0,0,0,0,0,0,0,0,0,0
ET_Ssid_44_2019,0,0,0,0,0,0,0,0,0,0,0,0,0,0,0,0,0,14546,0,0,0,0,0,0,0,0,0,0,0,0,0,0,0,0,0,0,0,0,0,0,0,0,0,0,0
WP_Ssid_39_2019,0,0,0,0,0,0,0,0,0,0,0,0,0,0,0,0,0,15128,0,0,0,0,0,0,0,0,0,0,0,0,0,0,0,0,0,0,0,0,0,0,0,0,0,0,0
WP_Ssid_93_2017,0,0,0,0,0,0,0,0,0,0,0,0,0,0,0,0,0,23577,0,0,0,0,0,0,0,0,0,0,0,0,0,0,0,0,0,0,0,0,0,0,0,0,0,0,0
WP_Ssid_77_2019,0,0,0,0,0,0,0,0,0,0,0,0,0,0,0,0,0,37539,0,0,0,0,0,0,0,0,0,0,0,0,0,0,0,0,0,0,0,0,0,0,0,0,0,0,0
ET_Ssid_44_2018,0,0,0,0,0,0,0,0,0,0,0,0,0,0,0,0,0,16256,0,0,0,0,0,0,0,0,0,0,0,0,0,0,0,0,0,0,0,0,0,0,0,0,0,0,0
ET_Ssid_44_2017,0,0,0,0,0,0,0,0,0,0,0,0,0,0,0,0,0,11123,0,0,0,0,0,0,0,0,0,0,0,0,0,0,0,0,0,0,0,0,0,0,0,0,0,0,0
WP_Ssid_21_2019,0,0,0,0,0,0,0,0,0,0,0,0,0,0,0,0,0,15382,0,0,0,0,0,0,0,0,0,0,0,0,0,0,0,0,0,0,0,0,0,0,0,0,0,0,0
WP_Ssid_104_2017,0,0,0,0,0,0,0,0,0,0,0,0,0,0,0,0,0,15064,0,0,0,0,0,0,0,0,0,0,0,0,0,0,0,0,0,0,0,0,0,0,0,0,0,0,0
WP_Ssid_26_2017,0,0,0,0,0,0,0,0,0,0,0,0,0,0,0,0,0,23882,0,0,0,0,0,0,0,0,0,0,0,0,0,0,0,0,0,0,0,0,0,0,1238,0,0,0,0
WP_Ssid_21_2017,0,0,0,0,0,0,0,0,0,0,0,0,0,0,0,0,0,20744,0,0,0,0,0,0,0,0,0,0,0,0,0,0,0,0,0,0,0,0,0,0,0,0,0,1286,0
WP_Ssid_109_2017,0,0,0,0,0,0,0,0,0,0,0,0,0,0,0,0,0,7822,0,0,0,0,0,0,0,0,0,0,0,0,0,0,0,0,0,0,0,0,0,0,0,0,2351,0,0
WP_Ofav_64_2019,0,0,0,0,0,0,0,0,0,0,0,0,0,0,0,0,0,0,10029,0,0,0,0,0,0,0,0,0,0,0,0,0,0,0,0,0,0,0,0,0,0,0,0,0,0
ET_Oann_38_2017,0,0,0,0,0,0,0,0,0,0,0,0,0,0,0,0,0,0,12184,0,0,0,0,0,0,0,0,0,0,0,0,0,0,0,0,0,0,0,0,0,0,0,0,0,0
WP_Oann_67_2019,0,0,0,0,0,0,0,0,0,0,0,0,0,0,0,0,0,0,23868,0,0,0,0,0,0,0,0,0,0,0,0,0,0,0,0,0,0,0,0,0,0,0,0,0,0
ET_Ofra_40_2019,0,0,0,0,0,0,0,0,0,0,0,0,0,0,0,0,0,0,17724,0,0,0,0,0,0,0,0,0,0,0,0,0,0,0,0,0,0,0,0,0,0,0,0,0,0
ET_Ofra_40_2018,0,0,0,0,0,0,0,0,0,0,0,0,0,0,178,0,0,0,10722,0,0,0,0,0,0,0,0,0,0,0,0,0,0,0,0,0,0,0,0,0,0,0,0,0,0
ET_Ofav_32_2017,0,0,0,0,0,0,0,0,0,0,0,0,0,0,0,0,0,0,14985,0,0,0,0,0,0,0,0,0,0,0,0,0,0,0,0,0,0,0,0,0,0,0,0,0,0
WP_Ofra_17_2017,0,0,0,0,1005,0,0,0,0,0,0,0,0,0,0,0,0,0,14755,0,0,0,0,0,0,0,0,0,0,0,0,0,0,0,0,0,0,0,0,0,0,0,0,0,0
WP_Oann_24_2019,0,0,0,0,0,0,0,0,0,0,0,0,0,0,0,0,0,0,11258,0,0,0,0,0,0,0,0,0,0,0,0,0,0,0,0,0,0,0,0,0,0,0,0,0,0
ET_Ofra_59_2017,0,0,0,0,0,0,0,0,0,0,0,0,0,0,0,0,0,0,15594,0,0,0,0,0,0,0,0,0,0,0,0,0,0,0,0,0,0,0,0,0,0,0,0,0,0
CH_Ofav_03_2018,0,0,0,0,0,0,0,0,0,0,0,0,0,0,0,0,0,0,9215,0,0,0,0,0,0,0,0,0,0,0,0,0,0,0,0,0,0,0,0,0,0,0,0,0,0
WP_Ofra_65_2019,0,0,0,0,0,0,0,0,0,0,0,0,0,0,0,0,0,0,7621,0,0,0,0,0,0,0,0,0,0,0,0,0,0,0,0,0,0,0,0,0,0,0,0,0,0
ET_Ofra_40_2017,0,0,0,0,301,0,0,0,0,0,0,0,0,0,0,0,0,0,14786,0,0,0,0,0,0,0,0,0,0,0,0,0,0,0,0,0,0,0,0,0,0,0,0,0,0
CH_Ofav_03_2019,0,0,0,0,0,0,0,0,0,0,0,0,0,0,0,0,0,0,10930,0,0,0,0,0,0,0,0,0,0,0,0,0,0,0,0,0,0,0,0,0,0,0,0,0,0
CH_Ofav_03_2017,0,0,0,0,0,0,0,0,0,0,0,0,0,0,0,0,0,0,16570,0,0,0,0,0,0,0,0,0,0,0,0,0,0,0,0,0,0,0,0,0,0,0,0,0,0
CH_Ofav_47_2017,0,0,0,0,0,0,0,0,0,0,0,0,0,0,0,0,0,0,11964,0,0,0,0,0,0,0,0,0,0,0,0,0,0,0,0,0,0,0,0,0,0,0,0,0,0
WP_Ofra_65_2017,0,0,0,0,0,0,0,0,0,0,0,0,0,0,0,0,0,0,11052,0,0,0,0,0,0,0,0,0,0,0,0,0,0,0,0,0,0,0,0,0,0,0,0,0,0
WP_Ofav_18_2017,0,0,0,0,569,0,0,0,0,0,0,0,0,0,0,0,0,0,14948,0,0,0,0,0,0,0,0,0,0,0,0,0,0,0,0,0,0,0,0,0,0,0,0,0,0
CH_Oann_56_2017,0,0,0,0,0,0,0,0,0,0,0,0,0,0,0,0,0,0,18140,0,0,0,0,0,0,0,0,0,0,0,0,0,0,0,0,0,0,0,0,0,0,0,0,0,0
CH_Ofra_81_2019,0,0,0,0,0,0,0,0,0,0,0,0,0,0,0,0,0,0,7836,0,0,0,0,0,0,0,0,0,0,0,0,0,0,0,0,0,0,0,0,0,0,0,0,0,0
CH_Ofav_47_2018,0,0,0,0,0,0,0,0,0,0,0,0,0,0,0,0,0,0,14509,0,0,0,0,0,0,0,0,0,0,0,0,0,0,0,0,0,0,0,0,0,0,0,0,0,0
WP_Ofav_64_2017,0,11269,0,0,0,0,0,0,0,0,0,0,0,0,0,0,0,0,11524,0,0,0,0,0,0,0,0,0,0,0,0,0,0,0,0,0,0,0,0,0,0,0,0,0,0
CH_Mcav_58_2019,0,0,0,0,0,0,0,0,0,0,0,0,0,0,0,0,0,0,0,9346,0,0,0,0,0,0,0,0,0,0,0,0,0,0,0,0,0,0,0,0,0,0,0,0,0
CH_Mcav_06_2019,0,0,0,0,0,0,0,0,0,0,0,0,0,0,0,0,0,0,0,13434,0,0,0,0,0,0,0,0,0,0,0,0,0,0,0,0,0,0,0,0,0,0,0,0,0
WP_Mcav_70_2017,0,0,0,0,0,0,0,0,0,0,0,0,0,0,0,0,0,0,0,15497,0,0,0,0,0,0,0,0,0,0,0,0,0,0,0,0,0,0,0,0,0,0,0,0,0
ET_Mcav_39_2017,0,0,0,0,0,0,0,0,0,0,0,0,0,0,0,0,0,0,0,7556,0,0,0,0,0,0,0,0,0,0,0,0,0,0,0,0,0,0,0,0,0,0,0,0,0
WP_Mcav_19_2019,0,0,0,0,0,0,0,0,0,0,0,0,0,0,0,0,0,0,0,19670,0,0,0,0,0,0,0,0,0,0,0,0,0,0,0,0,0,0,0,0,0,0,0,0,0
CH_Mcav_49_2019,0,0,0,0,0,0,0,0,0,0,0,0,0,0,0,0,0,0,0,15337,0,0,0,0,0,0,0,0,0,0,0,0,0,0,0,0,0,0,0,0,0,0,0,0,0
ET_Mcav_55_2017,0,0,0,0,0,0,0,0,0,0,0,0,0,0,0,0,0,0,0,20118,0,0,0,0,0,0,0,0,0,0,0,0,0,0,0,0,0,0,0,0,0,0,0,0,0
CH_Mcav_49_2017,0,0,0,0,0,0,0,0,0,0,0,0,0,0,0,0,0,0,0,5056,0,0,0,0,0,0,0,0,0,0,0,0,0,0,0,0,0,0,0,0,0,0,0,0,0
ET_Mcav_34_2018,0,0,0,0,0,0,0,0,0,0,0,0,0,0,0,0,0,0,0,24721,0,0,0,0,0,0,0,0,0,0,0,0,0,0,0,0,0,0,0,0,0,0,0,0,0
WP_Mcav_19_2017,0,0,0,0,278,0,0,0,0,0,0,0,0,0,0,0,0,0,0,19260,0,0,0,0,0,0,0,0,0,0,0,0,0,0,0,0,0,0,0,0,0,0,0,0,0
ET_Mcav_34_2019,0,0,0,0,0,0,0,0,0,0,0,0,0,0,0,0,0,0,0,4602,0,0,0,0,0,0,0,0,0,0,0,0,0,0,0,0,0,0,0,0,0,0,0,0,0
ET_Mcav_39_2019,0,0,0,0,0,253,0,0,0,0,0,0,0,0,0,0,0,0,0,12250,0,0,0,0,0,0,0,0,0,0,0,0,0,0,0,0,0,0,0,0,0,0,0,0,0
CH_Mcav_06_2017,0,0,935,0,0,0,0,53,0,0,0,0,0,0,0,113,0,0,0,22153,0,0,0,0,0,0,0,0,0,0,0,0,0,0,0,0,0,0,0,0,0,0,0,0,0
ET_Mcav_55_2019,0,0,0,0,0,0,0,0,0,0,0,0,0,0,0,0,0,0,0,11312,0,0,0,0,0,0,0,0,0,0,0,0,0,0,0,0,0,0,0,0,0,0,0,0,0
WP_Mcav_Pstr_70_16_2019,0,0,0,0,0,0,0,0,0,0,0,0,0,0,0,0,0,0,0,18875,0,0,0,0,0,0,0,0,0,0,0,0,0,0,0,0,0,0,0,0,0,0,0,0,0
CH_Mcav_06_2018,0,0,0,0,0,0,0,0,104,0,144,0,0,0,0,0,0,0,0,2617,0,0,0,0,0,0,0,0,0,0,0,0,0,0,0,0,0,0,0,0,0,0,0,0,0
ET_Mcav_39_2018,0,0,0,0,0,0,0,0,0,0,0,0,0,0,0,0,0,0,0,1362,0,0,0,0,0,0,0,0,0,0,0,0,0,0,0,0,106,0,0,0,0,0,0,0,0
CH_Mcav_58_2018,0,0,0,0,0,169,0,183,0,0,0,0,0,0,0,0,0,0,0,1737,0,0,0,0,0,0,0,0,0,0,0,0,0,0,0,0,0,0,0,0,0,0,0,0,0
WP_Ofra_17_2019,0,0,0,0,16218,0,0,0,0,0,0,0,0,0,0,0,0,0,0,0,0,0,0,0,0,0,0,0,0,0,0,0,0,0,0,0,0,0,0,0,0,0,0,0,0
CH_Ssid_51_2017,0,0,0,0,19468,0,0,0,0,0,0,0,0,0,0,0,0,0,0,0,0,0,0,0,0,0,0,0,0,0,0,0,0,0,0,0,0,0,0,0,0,0,0,0,0
CH_Pstr_10_2018,0,0,0,0,17706,0,0,0,0,0,0,0,0,0,0,0,0,0,0,0,0,0,0,0,0,0,0,0,0,0,0,0,0,0,0,0,0,0,0,0,0,0,0,0,0
WP_Pstr_28_2019,0,0,0,0,19263,0,0,0,0,0,0,0,0,0,0,0,0,0,0,0,0,0,0,0,0,0,0,0,0,0,0,0,0,0,0,0,0,0,0,0,0,0,0,0,0
WP_Pstr_16_2017,0,0,0,0,215499,0,0,0,0,0,0,0,0,0,0,0,0,0,0,0,0,0,0,285,0,0,0,0,31,28,0,0,0,0,0,0,0,0,0,0,0,0,0,0,0
WP_Pstr_28_2017,0,0,0,0,17495,0,0,0,0,0,0,0,0,0,0,0,0,0,0,0,0,0,0,0,0,0,0,0,0,0,0,0,0,0,0,0,0,0,0,0,0,0,0,0,0
CH_Pstr_82_2019,0,0,0,0,10715,0,0,0,0,0,0,0,0,0,0,0,0,0,0,0,421,0,0,0,0,0,0,0,0,0,0,0,0,0,0,0,0,0,0,0,0,0,0,0,0
CH_Pstr_10_2019,0,0,0,0,7666,0,0,0,0,0,0,0,0,0,0,0,0,0,0,0,0,0,0,0,0,0,0,0,0,0,0,0,0,0,0,0,0,0,0,0,0,0,0,0,0
CH_Pstr_10_2017,0,0,0,0,12070,0,0,0,0,0,0,0,0,0,0,0,0,0,0,0,0,0,0,0,0,0,0,0,0,0,0,0,0,0,0,0,0,0,0,0,0,0,0,0,0
CH_Cnat_12_2017,0,0,0,0,0,31787,0,0,0,0,0,0,0,0,0,0,0,0,0,0,0,0,0,0,0,0,0,0,0,0,0,0,0,0,0,0,0,0,0,0,0,0,0,0,0
ET_Cnat_33_2018,0,0,0,0,0,15139,0,0,0,0,0,0,0,0,0,0,0,0,0,0,0,0,0,0,0,0,0,0,0,0,0,0,0,0,0,0,0,0,0,0,0,0,0,0,0
ET_Ofra_59_2019,0,0,0,0,0,58062,0,0,0,0,0,0,0,0,0,0,0,0,0,0,0,204,0,0,0,0,0,0,0,0,0,0,0,0,0,0,0,0,0,0,0,0,0,0,0
ET_Cnat_35_2017,0,0,0,0,0,27258,0,0,0,0,0,0,0,0,0,0,0,0,0,0,0,0,0,0,0,0,0,0,0,0,0,0,0,0,0,0,0,0,0,0,0,0,0,0,0
ET_Cnat_60_2017,0,0,0,0,0,36747,0,0,0,0,0,0,0,0,0,0,0,0,0,0,0,0,0,0,0,0,0,0,0,0,0,0,0,0,0,0,0,0,0,0,0,0,0,0,0
CH_Cnat_12_2019,0,0,0,0,0,10246,0,0,0,0,0,0,0,0,0,0,0,0,0,0,0,0,0,0,0,0,0,0,0,0,0,0,0,0,0,0,0,0,0,0,0,0,0,0,0
ET_Cnat_60_2018,0,0,0,0,0,20043,0,0,0,0,0,0,0,0,0,0,0,0,0,0,0,0,0,0,0,0,0,0,0,0,0,0,0,0,0,0,0,0,0,0,0,0,0,0,0
ET_Cnat_60_2019,0,0,0,0,0,9738,0,0,0,0,0,0,0,0,0,0,0,0,0,0,0,0,0,0,212,0,0,0,0,0,0,0,0,0,0,0,0,0,0,0,0,0,0,0,0
CH_Cnat_12_2018,0,0,0,0,0,26040,0,0,0,0,0,0,0,0,0,0,0,0,0,0,0,0,0,0,0,0,0,0,0,0,0,0,0,0,0,0,0,0,0,0,0,0,0,0,0
ET_Cnat_33_2017,0,0,0,0,0,19797,0,0,0,0,0,0,0,0,0,0,0,0,0,0,0,0,0,0,0,0,0,0,0,0,0,0,0,0,0,0,0,0,0,0,0,0,0,0,0
ET_Cnat_33_2019,0,0,0,0,0,10850,0,0,0,0,0,0,0,0,0,0,0,0,0,0,0,0,0,0,0,0,0,0,0,0,0,0,0,0,0,0,0,0,0,0,0,0,0,0,0
ET_Cnat_52_2018,0,0,0,0,0,0,0,0,0,0,0,701,0,0,0,0,0,0,0,0,17723,0,0,0,0,0,0,0,0,0,0,0,0,0,0,0,0,0,0,0,0,0,0,0,0
WP_Cnat_29_2017,0,0,0,0,0,0,0,0,0,0,0,0,0,0,0,0,0,0,0,0,16854,0,0,0,0,0,0,0,0,0,0,0,0,0,0,0,0,0,0,0,0,0,0,0,0
ET_Pstr_45_2018,0,0,0,0,0,0,0,0,0,0,0,0,0,0,0,0,0,0,0,0,13197,0,0,0,0,0,0,0,0,0,0,0,0,0,0,0,0,0,0,0,0,0,0,0,0
ET_Pstr_45_2019,0,0,0,0,0,0,0,0,0,0,0,0,0,0,0,0,0,0,0,0,14829,0,0,0,0,0,0,0,0,0,0,0,0,0,0,0,0,0,0,0,0,0,0,0,0
ET_Pstr_45_2017,0,0,0,0,0,0,0,0,0,0,0,0,0,0,0,0,0,0,0,0,8930,0,0,0,0,0,0,0,0,0,0,0,0,0,0,0,0,0,0,0,0,0,0,0,0
CH_Cnat_48_2019,0,0,0,0,0,0,0,0,0,0,0,0,0,0,0,0,0,0,0,0,12147,0,0,0,0,0,0,0,0,0,0,0,0,0,0,0,0,0,0,0,0,0,0,0,0
CH_Cnat_48_2018,0,0,0,0,0,0,0,0,0,0,0,0,0,0,0,0,0,0,0,0,29643,0,0,0,0,0,0,0,0,0,0,0,0,0,0,0,0,0,0,0,376,0,0,0,0
ET_Pstr_54_2018,0,0,0,0,2901,0,0,0,0,0,0,0,0,0,0,0,0,0,0,0,16858,0,0,0,0,0,0,0,0,0,0,0,0,0,0,0,0,0,0,0,0,0,0,0,0
ET_Pstr_54_2017,0,0,0,0,3185,0,0,0,0,0,0,0,0,0,0,0,0,0,0,0,13192,0,0,0,0,0,0,0,0,0,0,0,0,0,0,0,0,0,0,0,0,0,0,0,0
ET_Cnat_52_2019,0,0,0,0,0,0,0,0,0,0,0,3963,0,0,0,0,0,0,0,0,9828,0,0,0,0,0,0,0,0,0,0,0,0,0,0,0,0,0,0,0,0,0,0,0,0
ET_Cnat_52_2017,0,0,0,0,0,0,0,0,0,0,0,5980,0,0,0,0,0,0,0,0,10306,0,0,0,0,0,0,0,0,0,0,0,0,0,0,0,0,0,0,0,0,0,0,0,0
CH_Dlab_13_2017,0,0,0,0,0,0,33262,0,0,0,0,0,0,0,0,0,0,0,0,0,0,0,0,0,0,0,0,0,0,0,171,0,0,0,0,0,0,0,0,0,0,0,0,0,0
CH_Dlab_13_2019,0,0,0,0,0,0,13523,0,0,0,0,0,0,0,0,0,0,0,0,0,0,0,0,0,0,0,0,0,0,0,0,0,0,0,0,0,0,0,0,0,0,0,0,0,0
CH_Dlab_13_2018,0,0,0,0,0,0,17266,0,0,0,0,0,0,0,0,0,0,0,0,0,0,0,0,0,0,0,0,0,0,0,0,0,0,0,0,0,0,0,0,0,0,0,0,0,0
ET_Dlab_36_2017,0,0,0,0,0,0,11268,0,0,0,0,0,0,0,0,0,0,0,0,0,0,0,0,0,0,0,0,0,0,0,0,0,0,0,0,0,0,0,0,0,0,0,0,0,0
CH_Pstr_82_2017,0,0,0,0,0,0,13491,0,0,0,0,0,0,0,0,0,0,0,0,0,0,0,0,0,0,0,0,0,0,0,0,0,0,0,0,0,0,0,0,0,0,0,0,0,0
CH_Ssid_51_2019,0,0,0,0,0,0,29865,0,0,0,0,0,0,0,0,0,0,0,0,0,0,0,0,0,0,0,0,0,0,0,0,0,0,0,0,0,0,0,0,0,0,0,0,0,0
CH_Dlab_79_2017,0,0,0,0,0,0,8950,0,0,0,0,0,0,0,0,0,0,0,0,0,0,0,0,0,0,0,0,0,0,0,0,0,0,0,0,0,0,0,0,0,0,0,0,0,0
WP_Dlab_23_2017,0,0,0,0,0,0,13062,0,0,0,0,0,0,0,0,0,0,0,0,0,0,0,0,0,0,0,0,0,0,0,0,0,0,0,0,0,0,0,0,0,0,0,0,0,0
ET_Dlab_37_2019,0,0,0,0,0,0,10780,0,0,0,0,0,0,0,0,0,0,0,0,0,0,0,0,0,0,0,0,0,0,0,0,0,0,0,0,0,0,0,0,0,0,0,0,0,0
WP_Dlab_23_2019,0,0,0,0,0,0,15496,0,0,0,0,0,0,0,0,0,0,0,0,0,0,0,0,0,0,0,0,0,0,0,0,0,0,0,0,0,0,0,0,0,0,0,0,0,0
ET_Dlab_36_2018,0,0,0,0,0,0,0,33295,0,0,0,0,0,0,0,0,0,0,0,0,0,0,0,0,0,0,0,0,0,0,0,0,0,0,0,0,0,0,0,0,0,0,0,0,0
WP_Dlab_20_2019,0,0,0,0,0,0,0,17626,0,0,0,0,0,0,0,0,0,0,0,0,0,0,0,0,0,0,0,0,0,0,0,0,0,0,0,0,0,0,0,0,0,0,0,0,0
WP_Dlab_63_2017,0,0,0,0,0,0,0,10907,0,0,0,0,0,0,0,0,0,0,0,0,0,0,0,0,0,0,0,0,0,0,0,0,0,0,0,0,0,0,0,0,0,0,0,0,0
WP_Dlab_20_2017,0,0,0,0,0,0,0,7813,0,0,0,0,0,0,0,0,0,0,0,0,0,0,0,0,0,0,0,0,0,0,0,0,0,0,0,0,0,0,0,0,0,0,0,0,0
WP_Pstr_66_2019,0,0,0,0,0,0,0,3745,0,0,0,0,0,0,0,0,0,0,0,0,0,0,0,0,0,0,0,0,0,0,0,0,0,0,0,0,0,0,0,0,0,0,0,0,0
WP_Pfur_27_2017,0,0,0,0,0,0,0,0,0,0,0,0,0,0,0,0,0,0,0,0,0,141,0,0,0,0,0,0,0,0,0,0,0,0,0,0,0,0,0,0,0,0,0,0,0
CH_Pfur_14_2017,0,0,0,0,0,0,0,0,0,0,0,0,0,0,0,0,0,0,0,0,0,187,0,0,0,0,0,0,0,0,0,0,0,0,0,0,0,0,0,0,0,0,0,0,0
ET_Mcav_34_2017,0,0,0,0,0,0,0,0,0,0,0,0,0,0,0,0,0,0,0,0,0,123,0,0,0,0,0,0,0,0,0,0,0,0,0,0,0,0,0,0,0,0,0,0,0
CH_Ofra_81_2018,0,0,0,0,0,0,0,0,0,0,0,0,0,0,0,0,0,0,0,0,0,2578,0,0,0,0,0,0,0,0,0,0,0,0,0,0,0,0,0,0,0,0,0,0,0
CH_Ofra_81_2017,0,0,0,0,0,0,0,0,0,0,0,0,0,0,0,0,0,0,0,0,0,3816,0,0,0,0,0,0,0,0,0,0,0,0,0,0,0,0,0,0,0,0,0,0,0
CH_Cnat_05_2017,0,0,0,0,0,0,0,0,14243,0,0,0,0,0,0,0,0,0,0,0,0,0,0,0,0,0,0,0,0,0,0,0,0,0,0,0,0,0,0,0,0,0,0,0,0
CH_Cnat_05_2018,0,0,0,0,0,0,0,0,15447,0,0,0,0,0,0,0,0,0,0,0,0,0,0,0,0,0,0,0,0,0,0,0,0,0,0,0,0,0,0,0,0,0,0,0,0
ET_Cnat_61_2019,0,0,0,0,0,0,0,0,11481,0,0,0,0,0,0,0,0,0,0,0,0,0,0,0,0,0,0,0,0,0,204,0,0,0,0,0,0,0,0,0,0,0,0,0,0
CH_Cnat_05_2019,0,0,0,0,0,0,0,0,12629,0,0,0,0,0,0,0,0,0,0,0,0,0,0,0,0,0,0,0,0,0,0,0,0,0,0,0,0,0,0,0,0,0,0,0,0
WP_Pstr_66_2017,0,0,0,0,0,0,0,0,0,20642,0,0,0,0,0,0,0,0,0,0,0,0,0,0,0,0,0,0,0,0,0,0,0,0,0,0,0,0,0,0,0,0,0,0,0
WP_Pstr_68_2019,0,0,0,0,0,0,0,0,0,5866,0,0,0,0,0,0,0,0,0,0,0,0,0,0,0,0,0,0,0,0,0,0,0,0,0,0,0,0,0,0,0,0,0,0,0
WP_Pstr_68_2017,0,0,0,0,0,0,0,0,0,15623,0,0,0,0,0,0,0,0,0,0,0,0,0,0,0,0,0,0,0,0,0,0,0,0,0,0,0,0,0,0,0,0,0,0,0
ET_Pstr_42_2019,0,0,0,0,0,0,0,0,0,10737,0,0,0,0,0,0,0,0,0,0,0,0,0,0,0,0,0,0,0,0,0,0,0,0,0,0,0,0,0,0,0,0,0,0,0
ET_Pstr_42_2017,0,0,0,0,0,0,0,0,0,14667,0,0,0,0,0,0,0,0,0,0,0,0,0,0,0,0,0,0,0,0,0,0,0,0,0,0,0,0,0,0,0,0,0,0,0
ET_Pstr_42_2018,0,0,0,0,0,0,0,0,0,14492,0,0,0,0,0,0,0,0,0,0,0,0,0,0,0,0,0,0,0,0,0,0,0,0,0,0,0,0,0,0,0,0,0,0,0
ET_Dlab_62_2018,0,0,0,0,0,0,0,0,0,0,15102,0,0,0,0,0,0,0,0,0,0,0,0,0,0,0,0,0,0,0,0,0,0,0,0,0,0,0,0,0,0,0,0,0,0
ET_Dlab_62_2017,0,0,0,0,0,0,0,0,0,0,19506,0,0,0,0,0,0,0,0,0,0,0,0,0,0,0,0,0,0,0,0,0,0,0,0,0,0,0,0,0,0,0,0,0,0
CH_Dlab_50_2018,0,0,0,0,0,0,0,0,0,0,8803,0,0,0,0,0,0,0,0,0,0,0,0,0,0,0,0,0,0,0,0,0,256,0,0,0,0,0,0,0,0,0,0,0,0
CH_Dlab_50_2017,0,0,0,0,0,0,0,0,0,0,16920,0,0,0,0,0,0,0,0,0,0,0,0,0,0,0,0,0,0,0,0,0,0,0,0,0,0,0,0,0,0,0,0,0,0
CH_Dlab_50_2019,0,0,0,0,0,0,0,0,0,0,20844,0,0,0,0,0,0,0,0,0,0,0,0,0,0,0,0,0,0,0,0,0,0,0,0,0,0,0,0,0,0,0,0,0,0
ET_Dlab_62_2019,0,0,0,0,0,0,0,0,13685,0,24422,0,0,0,0,0,0,0,0,0,0,154,0,0,0,0,0,0,0,0,0,0,0,0,0,0,0,0,0,0,0,0,0,0,0
WP_Ssid_59_2019,0,0,0,0,0,0,0,0,0,0,0,0,0,0,0,0,0,0,0,0,0,0,28341,0,0,0,0,0,0,0,0,0,0,0,0,0,0,0,0,0,0,0,0,0,0
CH_Ssid_46_2018,0,0,0,0,0,0,0,0,0,0,0,0,0,0,0,0,0,0,0,0,0,0,25025,0,0,0,0,0,0,0,0,0,0,0,0,0,0,0,0,0,0,0,0,0,0
WP_Ssid_72_2017,0,0,0,0,0,0,0,0,0,0,0,0,0,0,0,0,0,0,0,0,0,0,14836,0,0,0,0,0,0,0,0,0,0,0,0,0,0,0,0,0,0,0,0,0,0
WP_Ssid_108_2017,0,0,0,0,0,0,0,0,0,0,0,0,0,0,0,0,0,0,0,0,0,0,18581,0,0,0,0,0,0,0,0,0,0,0,0,0,0,0,0,0,0,0,0,0,0
CH_Ssid_46_2017,0,0,0,0,0,0,0,0,0,0,0,0,0,0,0,0,0,0,0,0,0,0,18748,0,0,0,0,0,0,0,0,0,0,0,0,0,0,0,0,0,0,0,0,0,0
CH_Ssid_46_2019,0,0,0,0,0,0,0,0,0,0,0,0,0,0,0,0,0,0,0,0,0,0,15394,0,0,0,0,0,0,0,0,0,0,0,0,0,0,0,0,0,0,0,0,0,0
WP_Ssid_77_2017,0,0,0,0,0,0,0,0,0,0,0,0,0,0,0,0,0,0,0,0,0,0,12307,0,0,0,0,0,0,0,0,0,0,0,0,0,0,0,0,0,426,0,0,0,0
CH_Oann_80_2017,0,0,0,0,0,0,0,0,0,0,0,0,0,0,0,0,0,0,0,0,0,0,0,26237,0,0,0,0,0,0,0,0,0,0,0,0,0,0,0,0,0,0,0,0,0
CH_Oann_80_2019,0,0,0,0,0,0,0,0,0,0,0,0,0,0,0,0,0,0,0,0,0,0,0,7252,0,0,0,0,0,0,0,0,0,0,0,0,0,0,0,0,0,0,0,0,0
CH_Oann_80_2018,0,0,0,0,0,0,0,0,0,0,0,703,0,0,0,0,0,0,0,0,0,0,0,20473,0,0,0,0,0,0,0,0,0,0,0,0,0,0,0,0,0,0,0,0,0
WP_Oann_67_2017,0,0,0,742,0,0,0,0,0,0,0,0,0,0,0,0,0,0,0,0,0,0,0,8508,0,0,0,0,0,0,0,0,0,0,0,0,0,0,0,0,0,0,0,0,0
WP_Ofav_18_2019,0,0,0,0,0,0,0,0,0,0,0,0,0,0,0,0,0,0,0,0,0,0,0,18403,0,0,0,0,0,0,0,0,0,0,0,0,0,0,0,0,0,0,0,0,0
ET_Dlab_36_2019,0,0,0,0,0,0,0,0,0,0,0,13740,0,0,0,0,0,0,0,0,0,0,0,0,0,0,0,0,0,0,0,0,0,0,0,0,0,0,0,0,0,0,0,0,0
ET_Pfur_30_2017,11757,0,0,0,0,0,0,0,0,0,0,0,0,0,0,0,0,0,0,0,0,0,0,0,0,157,0,16,0,0,0,0,0,0,0,0,0,0,75,0,0,0,0,0,0
CH_Pfur_15_2017,18571,0,0,0,0,0,0,0,0,0,0,0,0,0,0,0,0,0,0,0,0,0,0,0,0,0,0,0,0,0,0,0,0,0,0,0,0,0,0,0,0,0,0,0,0
ET_Pfur_30_2019,25433,0,0,0,0,0,0,0,0,0,0,0,0,0,0,0,0,0,0,0,0,0,0,0,0,0,0,4319,0,2317,0,0,0,0,0,0,0,0,0,0,0,0,0,0,0
ET_Pfur_74_2017,9098,0,0,0,0,0,0,0,0,0,0,0,0,0,0,0,0,0,0,0,0,0,0,0,0,8171,0,0,0,0,0,0,0,0,0,0,0,0,0,0,0,0,0,0,0
WP_Mcav_25_2019,0,0,0,0,0,0,0,0,0,0,0,0,0,0,0,0,0,0,0,0,0,0,0,0,10704,0,0,0,0,0,0,0,0,0,0,0,0,0,0,0,0,0,0,0,0
WP_Mcav_69_2017,0,0,0,0,0,0,0,0,0,0,0,0,0,0,0,0,0,0,0,0,0,0,0,0,11470,0,0,0,0,0,0,0,0,0,0,0,0,0,0,0,0,0,0,0,0
WP_Mcav_25_2017,0,0,0,0,0,0,0,0,0,0,0,0,296,0,0,0,0,0,0,0,0,0,0,0,22661,0,0,0,0,0,0,0,0,0,0,0,0,0,0,0,0,0,0,0,0
WP_Mcav_69_2019,0,0,0,0,0,0,0,0,0,0,0,0,0,0,0,0,0,0,0,0,0,0,0,0,36782,0,0,0,0,0,0,0,0,0,0,0,0,0,0,0,0,0,0,0,0
ET_Dlab_37_2018,0,0,0,0,0,0,0,0,0,0,0,0,21240,0,0,0,0,0,0,0,0,0,0,0,0,0,789,0,0,0,0,0,0,0,0,0,0,0,0,0,0,0,0,0,0
ET_Dlab_37_2017,0,0,0,0,0,0,0,0,0,0,0,0,31735,0,0,0,0,0,0,0,0,0,0,0,0,0,673,0,0,0,0,0,0,0,0,0,0,0,0,0,0,0,0,0,0
WP_Ssid_45_2019,0,0,0,0,0,0,0,0,0,0,0,0,0,0,0,0,0,0,0,0,0,0,0,0,0,0,0,0,0,0,0,0,0,0,0,0,0,0,0,0,0,21766,0,0,0
WP_Ssid_105_2017,0,0,0,0,0,0,0,0,0,0,0,0,0,0,0,0,0,307,0,0,0,0,0,0,0,0,0,0,0,0,0,0,0,0,0,0,0,0,0,0,0,17239,0,0,0
WP_Cnat_31_2017,0,0,0,0,0,0,0,0,0,199,0,0,0,0,0,0,0,0,0,0,0,0,0,0,0,0,0,0,0,0,0,0,0,0,0,0,0,0,0,0,0,23579,0,0,0
WP_Cnat_31_2019,0,0,0,0,0,0,0,0,0,0,0,0,0,0,0,0,0,0,0,0,0,191,0,0,0,0,0,0,0,0,0,0,0,0,0,0,0,0,0,0,0,10447,0,0,0
ET_Pfur_53_2017,0,0,0,0,0,0,0,0,0,0,0,0,0,0,0,0,0,0,0,0,0,0,0,0,0,20271,0,2080,0,0,0,0,0,0,0,0,0,0,0,0,0,0,0,0,0
ET_Pfur_43_2017,3972,0,0,0,0,0,0,0,0,0,0,0,0,0,0,0,0,0,0,0,0,0,0,0,0,13189,0,1211,0,0,0,0,0,0,0,0,0,0,0,0,0,0,0,0,0
ET_Dlab_57_2017,0,0,0,0,0,0,0,0,0,0,0,0,0,0,0,0,0,0,0,0,0,0,0,0,0,0,25048,0,0,0,0,0,0,0,0,0,0,0,0,0,0,0,0,0,0
ET_Dlab_57_2019,0,0,0,0,0,0,0,0,0,0,0,0,371,0,0,0,0,0,0,0,0,0,0,0,0,0,13457,0,0,0,0,0,0,0,0,0,0,0,0,0,0,0,0,0,0
CH_Ssid_07_2019,0,0,0,0,0,0,0,0,0,0,0,0,0,0,0,0,0,0,0,0,0,0,0,0,0,0,0,0,19230,0,0,0,0,0,0,0,0,0,0,0,0,0,0,0,0
CH_Ssid_07_2017,0,0,0,0,0,0,0,0,0,0,0,0,0,0,0,0,0,0,0,0,0,0,0,0,0,0,0,0,18916,0,0,0,0,0,0,0,0,0,0,0,1866,0,0,0,0
WP_Oann_24_2017,0,9440,0,0,0,0,0,0,0,0,0,0,0,0,0,0,0,0,3247,0,0,0,0,0,0,0,0,0,0,0,0,0,0,0,0,0,0,0,0,0,0,0,0,0,0
WP_Ssid_72_2019,0,0,0,0,0,0,0,0,0,0,0,0,0,0,0,0,0,0,0,0,0,0,0,0,0,0,0,0,0,0,0,19724,0,0,0,0,0,0,0,0,0,0,0,0,0
WP_Ssid_92_2017,0,0,0,0,0,0,0,0,0,0,0,0,0,0,0,0,0,0,0,0,0,0,0,0,0,0,0,0,0,0,0,10506,0,0,0,0,0,0,0,0,0,0,0,0,0
CH_Mcav_49_2018,0,0,0,0,0,0,0,0,0,0,0,0,0,0,0,0,0,0,0,0,0,0,0,0,0,0,0,0,0,0,0,0,0,798,0,0,0,0,0,0,0,0,0,0,0
CH_Ssid_07_2018,0,0,0,0,0,0,0,0,0,0,0,0,0,0,0,0,0,0,0,0,0,0,0,0,0,0,0,0,0,0,0,0,0,0,19826,0,0,0,0,0,0,0,0,0,0
WP_Ssid_107_2017,0,0,0,0,0,0,0,0,0,0,0,0,0,0,0,0,0,0,0,0,0,0,0,0,0,0,0,0,0,0,0,0,0,0,0,7592,0,0,0,0,0,0,0,0,0
ET_Cnat_61_2018,0,0,0,0,0,0,0,0,5057,0,0,0,0,0,0,0,0,0,0,0,0,0,0,0,0,0,0,0,0,0,0,0,0,0,0,0,0,0,0,0,0,0,0,0,7525
WP_Ssid_73_2017,0,0,0,0,0,0,0,16,0,0,0,0,0,62,0,0,119,0,0,0,0,0,0,0,0,0,0,0,0,0,0,0,0,0,0,0,0,13221,0,0,0,0,0,0,0
WP_Ssid_96_2017,0,0,0,0,0,0,0,0,0,0,0,0,0,0,0,0,0,0,0,0,0,0,0,0,0,0,0,0,0,0,0,0,0,0,0,0,0,0,0,17274,1181,0,0,0,0